ID,Name,Category,Solved,Level
1000,Hello World!,Beginner,"468,990",5
1001,Extremely Basic,Beginner,"673,510",4
1002,Area of a Circle,Beginner,"502,514",4
1003,Simple Sum,Beginner,"480,283",1
1004,Simple Product,Beginner,"452,410",1
1005,Average 1,Beginner,"409,012",2
1006,Average 2,Beginner,"372,154",1
1007,Difference,Beginner,"386,114",1
1008,Salary,Beginner,"362,724",2
1009,Salary with Bonus,Beginner,"328,014",2
1010,Simple Calculate,Beginner,"302,608",3
1011,Sphere,Beginner,"282,886",2
1012,Area,Beginner,"263,022",2
1013,The Greatest,Beginner,"257,029",3
1014,Consumption,Beginner,"267,588",1
1015,Distance Between Two Points,Beginner,"266,376",1
1016,Distance,Beginner,"231,360",1
1017,Fuel Spent,Beginner,"240,029",1
1018,Banknotes,Beginner,"222,776",4
1019,Time Conversion,Beginner,"230,904",1
1020,Age in Days,Beginner,"228,803",2
1021,Banknotes and Coins,Beginner,"150,481",6
1022,TDA Rational,Data Structures and Libraries,"15,926",4
1023,Drought,Data Structures and Libraries,"7,509",10
1024,Encryption,Strings,"33,305",5
1025,Where is the Marble?,Data Structures and Libraries,"13,535",8
1026,To Carry or not to Carry,Ad-Hoc,"22,808",5
1027,Critical Wave,Paradigms,"1,427",9
1028,Collectable Cards,Mathematics,"26,313",3
1029,"Fibonacci, How Many Calls?",Paradigms,"22,975",4
1030,Flavious Josephus Legend,Ad-Hoc,"15,176",4
1031,Power Crisis,Ad-Hoc,"6,545",4
1032,Joseph’s Cousin,Ad-Hoc,"3,879",6
1033,How Many Calls?,Paradigms,"1,834",6
1034,Ice Statues Festival,Paradigms,"4,793",8
1035,Selection Test 1,Beginner,"217,951",2
1036,Bhaskara's Formula,Beginner,"191,622",3
1037,Interval,Beginner,"205,435",3
1038,Snack,Beginner,"211,561",1
1039,Fire Flowers,Computational Geometry,"10,476",5
1040,Average 3,Beginner,"151,597",5
1041,Coordinates of a Point,Beginner,"168,533",3
1042,Simple Sort,Beginner,"160,415",2
1043,Triangle,Beginner,"140,273",2
1044,Multiples,Beginner,"167,530",2
1045,Triangle Types,Beginner,"127,012",4
1046,Game Time,Beginner,"130,547",2
1047,Game Time with Minutes,Beginner,"98,052",9
1048,Salary Increase,Beginner,"135,894",2
1049,Animal,Beginner,"109,998",3
1050,DDD,Beginner,"149,385",2
1051,Taxes,Beginner,"107,294",2
1052,Month,Beginner,"134,200",2
1053,Continuous Drawing,Graph,163,10
1054,Dynamic Frog,Paradigms,"1,324",7
1055,Elegant Permuted Sum,Paradigms,"1,138",7
1056,Factors and Multiples,Graph,684,9
1057,Going Together,Graph,569,8
1058,Independent Attacking Zones,Paradigms,254,8
1059,Even Numbers,Beginner,"162,594",1
1060,Positive Numbers,Beginner,"139,246",1
1061,Event Time,Beginner,"62,297",3
1062,Rails,Data Structures and Libraries,"9,581",5
1063,Rails Again... Tracing Movements,Data Structures and Libraries,"4,497",4
1064,Positives and Average,Beginner,"125,913",2
1065,Even Between five Numbers,Beginner,"120,916",1
1066,"Even, Odd, Positive and Negative",Beginner,"120,625",1
1067,Odd Numbers,Beginner,"131,733",2
1068,Parenthesis Balance I,Data Structures and Libraries,"26,344",5
1069,Diamonds and Sand,Data Structures and Libraries,"24,939",3
1070,Six Odd Numbers,Beginner,"113,009",1
1071,Sum of Consecutive Odd Numbers I,Beginner,"119,277",2
1072,Interval 2,Beginner,"110,033",1
1073,Even Square,Beginner,"115,543",1
1074,Even or Odd,Beginner,"108,909",2
1075,Remaining 2,Beginner,"101,758",2
1076,Design Labirints,Graph,"6,187",3
1077,Infix to Posfix,Data Structures and Libraries,"5,866",5
1078,Multiplication Table,Beginner,"129,117",1
1079,Weighted Averages,Beginner,"90,219",1
1080,Highest and Position,Beginner,"111,493",2
1081,DFSr - Depth Hierarchy,Graph,"3,107",5
1082,Connected Components,Graph,"5,797",5
1083,LEXSIM - Sintatic and Lexical Avaliator,Data Structures and Libraries,"1,309",7
1084,Erasing and Winning,Paradigms,"4,160",8
1085,Babel,Graph,"1,273",8
1086,The Club Ballroom,Ad-Hoc,"1,746",7
1087,Queen,Ad-Hoc,"19,647",4
1088,Bubbles and Buckets,Data Structures and Libraries,"5,715",6
1089,Musical Loop,Ad-Hoc,"11,665",2
1090,Set,Ad-Hoc,222,10
1091,Division of Nlogonia,Ad-Hoc,"11,999",1
1092,Longest Increasing Sub-sequence,Ad-Hoc,463,9
1093,Vampires,Mathematics,"2,883",3
1094,Experiments,Beginner,"82,999",3
1095,Sequence IJ 1,Beginner,"85,517",1
1096,Sequence IJ 2,Beginner,"71,934",1
1097,Sequence IJ 3,Beginner,"70,461",1
1098,Sequence IJ 4,Beginner,"49,640",2
1099,Sum of Consecutive Odd Numbers II,Beginner,"71,017",1
1100,Knight Moves,Graph,"3,991",5
1101,Sequence of Numbers and Sum,Beginner,"79,640",4
1102,Deadly Atack,Computational Geometry,146,10
1103,Alarm Clock,Ad-Hoc,"19,426",4
1104,Exchanging Cards,Ad-Hoc,"7,054",4
1105,Sub-prime,Ad-Hoc,"5,840",5
1106,Dragster,Paradigms,340,7
1107,Laser Sculpture,Ad-Hoc,"3,533",4
1108,Towers for Mobile Telephony,Computational Geometry,198,9
1109,Cheating on the Contest,Ad-Hoc,116,10
1110,Throwing Cards Away,Data Structures and Libraries,"19,622",3
1111,Desrugenstein,Graph,742,7
1112,Schweisen,Data Structures and Libraries,"1,033",9
1113,Ascending and Descending,Beginner,"89,004",1
1114,Fixed Password,Beginner,"105,820",1
1115,Quadrant,Beginner,"78,699",1
1116,Dividing X by Y,Beginner,"70,726",1
1117,Score Validation,Beginner,"75,156",1
1118,Several Scores with Validation,Beginner,"54,634",3
1119,The Dole Queue,Data Structures and Libraries,"3,616",4
1120,Contract Revision,Strings,"15,989",5
1121,Sticker Collector Robot,Ad-Hoc,"2,738",4
1122,Account Book,Ad-Hoc,780,7
1123,Route Change,Graph,"3,302",4
1124,Elevator,Computational Geometry,"3,715",8
1125,Formula 1,Ad-Hoc,"2,435",3
1126,Star War,Computational Geometry,190,9
1127,Musical Plagiarism,Ad-Hoc,802,8
1128,Come and Go,Graph,"4,358",4
1129,Optical Reader,Ad-Hoc,"13,380",1
1130,Tic-tac-toe,Ad-Hoc,302,10
1131,Grenais,Beginner,"52,457",1
1132,Multiples of 13,Beginner,"69,426",1
1133,Rest of a Division,Beginner,"67,573",3
1134,Type of Fuel,Beginner,"76,383",1
1135,Ants Colony,Graph,"1,516",8
1136,Bingo!,Ad-Hoc,"3,887",4
1137,Cocircular Points,Computational Geometry,500,8
1138,Digits Count,Mathematics,"1,775",8
1139,Electric Needs,Ad-Hoc,58,10
1140,Flowers Flourish from France,Ad-Hoc,"9,396",4
1141,Growing Strings,Strings,"1,241",10
1142,PUM,Beginner,"70,742",1
1143,Squared and Cubic,Beginner,"64,734",1
1144,Logical Sequence,Beginner,"54,662",1
1145,Logical Sequence 2,Beginner,"55,620",2
1146,Growing Sequences,Beginner,"56,738",3
1147,Knight Scape,Ad-Hoc,"1,679",6
1148,Countries at War,Graph,"6,214",5
1149,Summing Consecutive Integers,Beginner,"39,230",1
1150,Exceeding Z,Beginner,"40,614",1
1151,Easy Fibonacci,Beginner,"75,853",2
1152,Dark Roads,Graph,"7,300",5
1153,Simple Factorial,Beginner,"80,788",1
1154,Ages,Beginner,"68,437",1
1155,S Sequence,Beginner,"46,322",2
1156,S Sequence II,Beginner,"41,372",2
1157,Divisors I,Beginner,"58,713",1
1158,Sum of Consecutive Odd Numbers III,Beginner,"42,520",1
1159,Sum of Consecutive Even Numbers,Beginner,"45,758",2
1160,Population Increase,Beginner,"42,647",5
1161,Factorial Sum,Mathematics,"25,795",5
1162,Train Swapping,Data Structures and Libraries,"8,629",5
1163,Angry Ducks,Mathematics,"2,429",7
1164,Perfect Number,Beginner,"58,184",2
1165,Prime Number,Beginner,"65,837",2
1166,Hanoi Tower Troubles Again!,Paradigms,"2,618",2
1167,Summer Camp,Data Structures and Libraries,"2,998",5
1168,LED,Strings,"46,983",3
1169,Grains in a Chess Board,Mathematics,"9,939",4
1170,Blobs,Mathematics,"17,092",3
1171,Number Frequence,Ad-Hoc,"23,763",3
1172,Array Replacement I,Beginner,"107,570",1
1173,Array fill I,Beginner,"95,731",1
1174,Array Selection I,Beginner,"85,512",3
1175,Array change I,Beginner,"88,807",2
1176,Fibonacci Array,Beginner,"67,074",3
1177,Array Fill II,Beginner,"71,743",1
1178,Array Fill III,Beginner,"63,017",2
1179,Array Fill IV,Beginner,"57,182",2
1180,Lowest Number and Position,Beginner,"87,011",3
1181,Line in Array,Beginner,"72,801",3
1182,Column in Array,Beginner,"62,996",2
1183,Above the Main Diagonal,Beginner,"59,907",4
1184,Below the Main Diagonal,Beginner,"44,269",2
1185,Above the Secundary Diagonal,Beginner,"41,187",2
1186,Below the Secundary Diagonal,Beginner,"40,436",3
1187,Top Area,Beginner,"42,862",3
1188,Inferior Area,Beginner,"33,233",1
1189,Left Area,Beginner,"31,161",2
1190,Right Area,Beginner,"35,102",1
1191,Tree Recovery,Graph,"3,626",5
1192,Paula's Mathematic Game,Ad-Hoc,"14,014",2
1193,Base Conversion,Mathematics,"5,644",3
1194,"Pre, In and Post",Graph,"3,348",3
1195,Binary Search Tree,Graph,"8,721",5
1196,WERTYU,Ad-Hoc,"5,368",5
1197,Back to High School Physics,Mathematics,"13,879",1
1198,Hashmat the Brave Warrior,Mathematics,"13,303",5
1199,Simple Base Conversion,Mathematics,"6,108",3
1200,BST Operations I,Graph,"4,279",4
1201,BST Operations II,Graph,"2,347",7
1202,White Nights Festival,Mathematics,"1,480",7
1203,St. Petersburg Bridges,Paradigms,"1,620",7
1204,"Myachowski, Russian Football",Computational Geometry,139,9
1205,Siege of Leningrad,Graph,"1,262",7
1206,Challenge of St. Petersburg,Ad-Hoc,335,9
1207,The Benefits of Vodka,Graph,402,9
1208,St. Petersburg Dynasties,Graph,217,7
1209,St. Petersburg Parties,Ad-Hoc,972,9
1210,Optimal Production of Great Vodka,Paradigms,821,5
1211,Economic Phonebook,Data Structures and Libraries,"4,738",5
1212,Primary Arithmetic,Mathematics,"7,697",8
1213,Ones,Mathematics,"3,280",5
1214,Above Average,Mathematics,"10,151",3
1215,Andy's First Dictionary,Data Structures and Libraries,"4,371",6
1216,Getline One,Ad-Hoc,"8,283",4
1217,Getline Two - Fruits,Ad-Hoc,"5,387",4
1218,Getline Three - Shoes,Ad-Hoc,"3,668",4
1219,Colourful Flowers,Mathematics,"3,094",5
1220,The Trip,Mathematics,"1,229",7
1221,Fast Prime Number,Mathematics,"16,386",6
1222,Short Story Competition,Strings,"5,194",6
1223,Toboggan of Marbles,Computational Geometry,679,8
1224,Cards,Paradigms,"1,540",8
1225,Perfect Choir,Ad-Hoc,"1,663",3
1226,Space Elevator,Paradigms,462,8
1227,Midnight Cowboy,Graph,421,7
1228,Start Grid,Ad-Hoc,"3,612",3
1229,Combating Cancer,Paradigms,458,7
1230,Integral,Mathematics,124,10
1231,Words,Paradigms,216,7
1232,Rubik Cycle,Mathematics,363,7
1233,Star,Mathematics,"1,368",6
1234,Dancing Sentence,Strings,"18,894",3
1235,Inside Out,Strings,"14,968",5
1236,Compressing Null and White,Data Structures and Libraries,852,8
1237,Compare Substring,Strings,"7,098",6
1238,Combiner,Strings,"23,659",3
1239,Bloggo Shortcuts,Strings,"6,717",3
1240,Fit or Dont Fit I,Mathematics,"10,700",2
1241,Fit or Dont Fit II,Strings,"19,296",2
1242,Alien Ribonucleic Acid,Data Structures and Libraries,"2,095",4
1243,How Easy,Strings,"2,869",7
1244,Sort by Length,Data Structures and Libraries,"13,729",4
1245,Lost Boots,Ad-Hoc,"9,913",5
1246,Parking Lot,Ad-Hoc,"1,445",7
1247,Coast Guard,Mathematics,"5,681",2
1248,Diet Plan,Strings,"4,520",2
1250,KiloMan,Ad-Hoc,"4,375",2
1251,Tell me the Frequencies!,Data Structures and Libraries,"5,057",6
1252,Sort! Sort!! And Sort!!!,Data Structures and Libraries,"4,045",7
1253,Caesar Cipher,Strings,"26,112",3
1254,Tag Replacement,Strings,"2,289",4
1255,Letter Frequency,Strings,"12,888",3
1256,Hash Tables,Data Structures and Libraries,"8,773",3
1257,Array Hash,Strings,"10,662",3
1258,T-Shirts,Data Structures and Libraries,"7,707",4
1259,Even and Odd,Data Structures and Libraries,"20,369",3
1260,Hardwood Species,Data Structures and Libraries,"4,712",5
1261,Hay Points,Data Structures and Libraries,"4,575",2
1262,Multiple Reading,Strings,"4,821",2
1263,Alliteration,Strings,"6,361",3
1264,An Easy Problem!,Mathematics,589,7
1265,Computer DJ,Paradigms,330,6
1266,Tornado!,Ad-Hoc,"2,298",7
1267,Pascal Library,Ad-Hoc,"4,852",3
1268,Mission Impossible,Computational Geometry,53,8
1269,ICPC Strikes Again,Paradigms,152,7
1270,Optical Fiber,Graph,171,8
1271,Where Are My Genes,Ad-Hoc,915,5
1272,Hidden Message,Strings,"14,329",3
1273,Justifier,Strings,"7,943",3
1274,P-Networks,Data Structures and Libraries,233,5
1275,Light Up,Graph,59,8
1276,Letter Range,Strings,"2,124",3
1277,Short Attendance,Strings,"4,924",6
1278,Justifier II,Strings,"5,099",1
1279,Leap Year or Not Leap Year and …,Mathematics,"4,319",6
1280,Friends,Mathematics,214,9
1281,Going to the Market,Data Structures and Libraries,"10,904",3
1282,Arranging Heaps,Paradigms,288,7
1283,Boxes and Stones,Paradigms,108,5
1284,Cellphone Typing,Strings,970,6
1285,Different Digits,Ad-Hoc,"5,789",3
1286,Motoboy,Paradigms,"5,358",5
1287,Friendly Int Parser,Strings,"2,737",8
1288,Destruction Cannon,Paradigms,"3,331",5
1289,What is the Probability?,Mathematics,514,7
1290,Very Special Boxes,Ad-Hoc,324,7
1291,Is This Integration?,Computational Geometry,961,5
1292,Trouble with a Pentagon,Computational Geometry,"1,448",4
1293,Romeo & Juliet!,Computational Geometry,163,7
1294,The Largest and Smallest Box,Computational Geometry,582,7
1295,The Closest Pair Problem,Computational Geometry,"2,419",9
1296,Medians,Computational Geometry,"1,042",5
1297,Environment Protection,Mathematics,277,10
1298,Fix the Maze,Graph,314,5
1299,Game of Tiles,Paradigms,117,7
1300,Hours and Minutes,Ad-Hoc,"4,438",2
1301,Interval Product,Data Structures and Libraries,"2,064",6
1302,Joining Couples,Graph,234,8
1303,Spurs Rocks,Data Structures and Libraries,"2,824",9
1304,Average Speed,Mathematics,987,6
1305,Cut Off Rounder,Strings,"2,497",3
1306,Numbering Roads,Mathematics,"2,329",3
1307,All You Need Is Love,Mathematics,"2,553",4
1308,Etruscan Warriors Never Play Chess,Mathematics,"2,773",5
1309,Monetary Formatting,Mathematics,"3,138",4
1310,Profit,Paradigms,"5,691",4
1311,Army Buddies,Ad-Hoc,687,7
1312,Ball Stacking,Paradigms,940,6
1313,Diccionario Portuñol,Strings,188,9
1314,Hedge Mazes,Graph,497,8
1315,Not too Convex Hull,Computational Geometry,143,10
1317,"I Hate SPAM, But Some People Love It",Graph,573,4
1318,Fake Tickets,Ad-Hoc,"9,531",3
1319,Hyperactive Girl,Paradigms,183,9
1320,Ingenious Metro,Ad-Hoc,142,5
1321,Jollo,Ad-Hoc,837,6
1322,Kids' Wishes,Graph,301,9
1323,Feynman,Mathematics,"8,791",1
1324,Higgs Boson,Mathematics,56,10
1325,Bubble Maps,Paradigms,157,4
1326,Chemistry,Data Structures and Libraries,347,9
1327,Drop Out,Ad-Hoc,351,5
1328,Go Easy,Graph,68,6
1329,Head or Tail,Ad-Hoc,"18,168",2
1330,Uncle Tom’s Inherited Land,Graph,391,8
1331,Blocks,Ad-Hoc,135,10
1332,One-Two-Three,Strings,"17,361",2
1333,Candy’s Candy,Ad-Hoc,48,6
1334,Electrical Pollution,Graph,64,10
1335,File Retrieval,Strings,128,10
1336,Garden Fence,Computational Geometry,87,8
1337,King’s Poker,Ad-Hoc,778,4
1338,It-Miha,Mathematics,171,9
1339,Grandpa's Rubik,Ad-Hoc,87,7
1340,I Can Guess the Data Structure!,Data Structures and Libraries,"7,170",2
1341,Kids in a Grid,Strings,490,8
1342,Dice,Ad-Hoc,892,4
1343,Runner Pawns,Ad-Hoc,136,6
1344,Telecommunication Partners,Graph,146,7
1345,Secure Region,Computational Geometry,47,10
1346,Child Play,Mathematics,62,10
1347,Kryptonite Mine,Mathematics,47,10
1348,X-Mart,Graph,181,7
1349,Noise Effect,Ad-Hoc,217,5
1350,This Sentence is False,Paradigms,109,6
1351,Supermarket,Ad-Hoc,297,8
1352,Square Lottery,Mathematics,72,8
1353,Super Poker,Mathematics,35,5
1354,Bigger Square Please,Paradigms,25,5
1355,Compressor,Strings,40,10
1356,Jupiter Attacks!,Data Structures and Libraries,252,7
1357,In Braille,Ad-Hoc,"1,332",2
1358,Cutting Edge,Computational Geometry,43,10
1359,Land Division Tax,Ad-Hoc,66,9
1360,Magic Trick,Ad-Hoc,186,5
1361,Building Designing,Ad-Hoc,614,4
1362,My T-Shirt Suits Me,Graph,"1,986",6
1363,Car Plates Competition,Ad-Hoc,144,8
1364,Emoticons :-),Strings,649,8
1365,Finding Seats,Paradigms,602,7
1366,Sticks Game,Ad-Hoc,"3,463",2
1367,Help!,Strings,"3,945",3
1368,Colorful Cubes,Ad-Hoc,216,8
1369,Memory Manager,Ad-Hoc,302,10
1370,Regatta of Scientists,Computational Geometry,84,9
1371,Close the Doors!,Mathematics,"2,685",3
1372,Candy,Paradigms,684,5
1373,DNA Subsequences,Strings,468,8
1374,Electricity,Ad-Hoc,281,6
1375,Pole Position,Ad-Hoc,"1,389",6
1376,Brothers,Mathematics,304,6
1377,File Recover,Strings,164,9
1378,Isosceles Triangles,Computational Geometry,631,9
1379,Mean Median Problem,Ad-Hoc,"4,793",1
1380,Bacilli Population Growth,Mathematics,557,8
1381,Diophantine Equations,Mathematics,650,7
1382,"Elementary, my Dear Watson!",Data Structures and Libraries,"1,202",6
1383,Sudoku,Ad-Hoc,"9,866",6
1384,Lazy Jumping Frog,Graph,239,7
1385,Report Recovery,Strings,133,8
1386,Ambiguous Codes,Strings,46,10
1387,Og,Ad-Hoc,"13,133",1
1388,Where Are The Bubbles?,Data Structures and Libraries,293,10
1389,Traveling Shoemaker Problem,Graph,182,9
1390,Bases,Mathematics,63,9
1391,Almost Shortest Path,Graph,"1,778",7
1392,Electric Bill,Mathematics,260,6
1393,Hexagonal Tiles,Mathematics,"3,289",2
1394,Hooligan,Graph,741,8
1395,Numbers and Operations,Paradigms,23,5
1396,There's an Exam from Cris Today!,Paradigms,991,6
1397,Game of The Greatest,Ad-Hoc,"13,595",1
1398,Ocean Deep! Make it Shallow!!,Mathematics,"1,015",6
1399,Array Transformer,Mathematics,433,9
1400,Counting Game,Mathematics,950,5
1401,"Generating Fast, Sorted Permutation",Data Structures and Libraries,"2,575",4
1402,Will Indiana Jones Get There?,Graph,112,8
1403,Grandpa is Famous,Ad-Hoc,"1,470",4
1404,MegaCheckers,Ad-Hoc,432,6
1405,The Halting Problem,Data Structures and Libraries,126,10
1406,Jukebox,Strings,42,10
1407,Weekend Lottery,Ad-Hoc,790,4
1408,Mario,Paradigms,477,7
1409,Zak Galou,Graph,432,9
1410,He is Offside!,Ad-Hoc,"4,005",3
1411,Shrinking Polygons,Computational Geometry,115,9
1412,Code Lock,Paradigms,146,9
1413,Hurry Up!,Graph,138,10
1414,World Cup,Ad-Hoc,"2,387",3
1415,Galou is Back!,Graph,92,6
1416,ICPC Scoreboard,Paradigms,210,9
1417,Justice League,Graph,92,7
1418,Another Crisis,Ad-Hoc,169,3
1419,Bakugan,Ad-Hoc,"1,352",5
1420,Counting Seconds,Ad-Hoc,122,8
1421,Tic-Tac-Toe?,Ad-Hoc,148,9
1422,Bacteria,Mathematics,213,9
1423,Adventure of Super Mario,Graph,231,8
1424,Easy Problem from Rujia Liu?,Data Structures and Libraries,"2,886",8
1425,Gift?!,Data Structures and Libraries,944,8
1426,Add Bricks in The Wall,Ad-Hoc,"2,444",2
1427,The Scrooge Co Problem,Graph,227,10
1428,Searching for Nessy,Ad-Hoc,"2,247",1
1429,Factorial Again!,Mathematics,"5,167",1
1430,Jingle Composing,Data Structures and Libraries,"5,654",2
1431,Klingon Levels,Ad-Hoc,209,9
1432,Triple-Free Binary Strings,Paradigms,187,7
1433,The Splitting Club,Mathematics,98,10
1434,Roman Patrollers,Mathematics,65,7
1435,Square Matrix I,Beginner,"29,124",2
1436,Brick Game,Mathematics,"8,020",2
1437,Turn Left!,Ad-Hoc,"8,527",2
1438,Unloading Boxes,Ad-Hoc,604,8
1439,Bora Bora,Data Structures and Libraries,289,8
1440,Dinner Hall,Ad-Hoc,233,6
1441,Hailstone Sequences,Ad-Hoc,"3,753",4
1442,Street Deviation,Graph,757,8
1443,Traffic Jam,Ad-Hoc,97,6
1444,Drakes' Racing,Mathematics,"1,049",4
1445,Who's Going To The Party?,Graph,613,6
1446,Venn Diagram?,Computational Geometry,57,5
1447,Back to the Future,Graph,818,7
1448,Chinese Whispers,Strings,"2,169",9
1449,The Fantastic Jaspion,Data Structures and Libraries,"2,454",3
1450,Ramesses' Games,Mathematics,78,9
1451,Broken Keyboard,Data Structures and Libraries,"3,090",6
1452,Gloud Computing,Data Structures and Libraries,"1,391",2
1454,The Country of Bicycles,Graph,706,8
1455,ICPC Finals,Computational Geometry,269,10
1456,Brainfuck,Strings,557,8
1457,Oracle of Alexandria,Mathematics,"3,822",1
1458,SMS Championship,Strings,276,8
1459,Focus,Ad-Hoc,983,7
1460,Grapevine,Ad-Hoc,255,9
1461,Optimal Symmetric Paths,Graph,64,8
1462,Popularity in the Facebook,Graph,493,9
1463,Binary Expression Tree,Graph,488,7
1464,Onion Layers,Computational Geometry,"1,089",8
1465,"Complex, Difficult and Complicated",Mathematics,200,5
1466,Level Order Tree Traversal,Graph,"4,526",3
1467,Zero or One,Ad-Hoc,"14,002",2
1468,Balloon,Computational Geometry,282,10
1469,Boss,Graph,"1,937",9
1470,Folding Machine,Ad-Hoc,746,4
1471,Dangerous Dive,Ad-Hoc,"7,297",3
1472,Triangles,Ad-Hoc,"1,925",6
1473,Lines of Containers,Paradigms,402,7
1474,Buses,Paradigms,"1,098",7
1475,Patches,Paradigms,848,4
1476,Trucks,Graph,667,8
1477,"Man, Elephant and Mouse",Data Structures and Libraries,"1,091",8
1478,Square Matrix II,Beginner,"22,236",1
1479,Help your Commander,Graph,181,7
1480,The Famous Mine Sweeper,Ad-Hoc,138,10
1481,Zing Zhu’s Oyster Farm,Mathematics,60,10
1482,Long Night of Museums,Graph,453,9
1483,Animal Game,Ad-Hoc,843,5
1484,Type & Add,Mathematics,132,7
1485,Turkish Roulette,Paradigms,409,8
1486,Biochemical Digital Circuit,Ad-Hoc,"1,428",4
1487,Six Flags,Paradigms,"2,751",4
1488,Magic Numbers?,Mathematics,194,7
1489,Software Engineering,Graph,63,10
1490,Attacking Rooks,Graph,839,9
1491,Blogger Language,Strings,68,10
1492,Counting Ones,Mathematics,951,5
1493,Disjoint Water Supply,Paradigms,251,7
1494,Eleven,Paradigms,178,9
1495,Football,Ad-Hoc,"2,234",6
1496,"Go up the ""Ultras""",Ad-Hoc,233,8
1497,Hide and Seek,Computational Geometry,153,10
1498,Inverting Huffman,Graph,149,10
1499,Join Two Kingdoms,Graph,236,8
1500,Horrible Queries,Data Structures and Libraries,"1,623",8
1501,How Many Zeros and How Many Digits?,Mathematics,314,9
1502,Corridor Crossing,Graph,33,10
1503,Largest Common Palindrome Must You Find,Strings,199,10
1504,Curo Railroad,Computational Geometry,34,5
1505,Curo Factories,Mathematics,54,10
1506,Rabito and Bones,Graph,23,5
1507,Subsequences,Data Structures and Libraries,"3,173",7
1508,Laser Beam,Ad-Hoc,25,5
1509,Counting Ambiguities,Paradigms,98,10
1510,The Sightseeing Tour,Paradigms,19,5
1511,GCD Grid,Data Structures and Libraries,219,10
1512,Tiles,Mathematics,"2,193",5
1513,Horse,Paradigms,537,9
1514,Contest,Ad-Hoc,"4,505",5
1515,Hello Galaxy,Ad-Hoc,"3,679",1
1516,Image,Strings,"2,898",3
1517,Apples,Paradigms,827,8
1518,Turtles,Ad-Hoc,124,10
1519,Abbreviations,Strings,"1,060",6
1520,Screws and Nuts,Data Structures and Libraries,"3,216",6
1521,The Guilty,Ad-Hoc,"1,734",3
1522,Stack Game,Paradigms,"1,066",8
1523,Linear Parking Lot,Data Structures and Libraries,"3,469",5
1524,Cafeteria Queue,Paradigms,"1,835",4
1525,Gruntz,Graph,470,8
1526,Transporting Snacks,Mathematics,18,5
1527,Guilds,Data Structures and Libraries,"1,555",6
1528,Entangled Ropes,Ad-Hoc,11,5
1529,"Max, the Mad",Graph,233,8
1530,How Many Substrings?,Strings,479,9
1531,Fibonacci Again!,Mathematics,635,10
1532,Throwing Balls,Ad-Hoc,"1,062",4
1533,Detective Watson,Ad-Hoc,"8,003",2
1534,Array 123,Beginner,"24,111",1
1535,Couple-Bachelor-Spinster Numbers,Data Structures and Libraries,122,10
1536,Libertadores,Ad-Hoc,"4,367",3
1537,Bank Line,Mathematics,"1,078",4
1538,Alien Sequence,Data Structures and Libraries,461,5
1539,Telecom Company,Graph,889,6
1540,Energy Planning,Ad-Hoc,"1,249",5
1541,Building Houses,Beginner,"15,769",2
1542,Reading Books,Ad-Hoc,"4,669",5
1543,Board With Prizes,Paradigms,260,7
1544,The Last Non-zero Digit,Mathematics,479,8
1545,Cards II,Paradigms,281,9
1546,Feedback,Ad-Hoc,"11,676",1
1547,Guess What,Ad-Hoc,"6,141",2
1548,Canteen Queue,Data Structures and Libraries,"16,062",2
1549,Splitting the Coke,Computational Geometry,"1,205",5
1550,Inversion,Graph,"2,857",7
1551,Complete Sentence,Strings,"8,689",4
1552,Rescue in Free Fall,Graph,"2,410",6
1553,Frequent Asked Questions,Ad-Hoc,"4,065",3
1554,N.1 Continuous,Mathematics,"2,245",5
1555,Functions,Mathematics,"18,815",1
1556,Removing Letters,Strings,"1,644",8
1557,Square Matrix III,Beginner,"19,347",1
1558,Sum of Two Squares,Ad-Hoc,"4,601",5
1559,2048,Ad-Hoc,"1,810",7
1560,Triangle Energy,Computational Geometry,614,7
1561,Binary Watch,Ad-Hoc,"1,280",3
1562,Choosing the Pairs,Graph,80,10
1563,The Big Problem,Mathematics,161,10
1564,Brazil World Cup,Beginner,"27,096",2
1565,Connect the Points,Paradigms,43,10
1566,Height,Data Structures and Libraries,"6,388",8
1567,(2/3/4)-D Sqr/Rects/Cubes/Boxes?,Mathematics,289,5
1568,{sum+=i++} to Reach N,Mathematics,494,10
1569,Snakes and Ladders,Ad-Hoc,425,9
1570,A Day in Math-Land,Mathematics,172,10
1571,A Square & Equilateral Triangles,Computational Geometry,174,6
1572,The Unreal Tournament,Mathematics,47,10
1573,Chocolate Factory,Ad-Hoc,"3,588",1
1574,Robot Instructions,Ad-Hoc,"5,007",2
1575,Chasing After Don Giovanni,Ad-Hoc,36,10
1576,The Skyline Problem,Ad-Hoc,239,9
1577,Constructible Regular Polygons,Mathematics,324,6
1578,Matrix of Squares,Ad-Hoc,"3,159",6
1579,Transport of Solar Panels,Paradigms,751,5
1580,Quid Est Veritas? Est Vir Qui Adest!,Mathematics,900,6
1581,International Chat,Strings,"10,690",2
1582,The Pythagorean Theorem,Mathematics,"4,105",5
1583,Contamination,Graph,"2,312",4
1584,Espertofone,Graph,149,9
1585,Making Kites,Mathematics,"6,887",1
1586,Tug of War,Strings,"1,353",8
1587,BIT Park,Data Structures and Libraries,149,10
1588,Help the Federation,Ad-Hoc,995,7
1589,Bob Conduit,Beginner,"26,975",1
1590,Cuarenta and Two,Paradigms,615,8
1591,Grandma's Day,Ad-Hoc,666,6
1592,Elias and Golias,Graph,242,9
1593,Binary Function,Ad-Hoc,"1,765",2
1594,Greedy,Data Structures and Libraries,421,7
1595,Humm.. Run or Walk.. That's the Question,Paradigms,899,6
1596,Yusuf II's Tournament,Paradigms,1,5
1597,Unmasking the Sultan's Employee,Paradigms,24,5
1598,The Real Value of Mats,Paradigms,17,5
1599,Peaks of Atlas,Paradigms,467,6
1600,The Cat of The Caretaker of The Warehouse,Paradigms,85,9
1601,Partition of The Herd,Paradigms,42,10
1602,Hyperprimes,Paradigms,"1,007",8
1603,Qanat Canals,Paradigms,10,5
1604,Pair-voting in The Board of Gueliz,Paradigms,52,7
1605,Building Your Own Cafila,Paradigms,20,5
1606,The Hints of Ali Baba,Paradigms,407,6
1607,Advancing Letters,Strings,"6,920",2
1608,Maria's Cakes,Paradigms,"1,986",1
1609,Counting Sheep,Ad-Hoc,"5,633",4
1610,Dudu Service Maker,Graph,"4,914",7
1611,Crowded Elevator,Paradigms,"1,375",4
1612,Little Ant,Ad-Hoc,"2,259",3
1613,Goemon is in Trouble,Computational Geometry,347,10
1614,Help the Tourist,Paradigms,159,7
1615,Insatisfaction on Elections,Ad-Hoc,991,3
1616,Prom,Paradigms,399,6
1617,Safety Path,Graph,108,7
1618,Colision,Ad-Hoc,"4,154",4
1619,Date Difference,Ad-Hoc,770,4
1620,Delaunay Triangulation,Mathematics,"1,753",4
1621,Labyrinth,Graph,827,7
1622,Lamps,Ad-Hoc,330,6
1623,The Language,Mathematics,251,9
1624,Promotion,Mathematics,935,4
1625,Robocopy,Mathematics,2,5
1626,The Incredible Chapecoense Pizza Contest,Mathematics,121,10
1627,Last Hit,Ad-Hoc,578,3
1628,ChessGuess,Graph,22,5
1629,UnzipFACE,Strings,709,3
1630,Stakes,Mathematics,"1,786",1
1631,Bobby's Amazing Cake,Computational Geometry,482,5
1632,Variations,Strings,"4,084",1
1633,SBC,Data Structures and Libraries,701,5
1634,Another Lottery,Mathematics,228,5
1635,Ballot Evaluation,Mathematics,171,9
1636,Cyclic Antimonotonic Permutations,Paradigms,182,6
1637,Elias Gamma Coding,Paradigms,43,4
1638,Food Portion Size,Ad-Hoc,41,9
1639,Generate Random Numbers,Ad-Hoc,545,3
1640,Hotel Booking,Data Structures and Libraries,231,9
1641,Alfredo's Pizza Restaurant,Mathematics,"1,561",3
1642,Broken Keyboard,Paradigms,558,6
1643,Convert Kilometers to Miles,Paradigms,"1,172",3
1644,Decode the Strings,Mathematics,220,9
1645,El Dorado,Paradigms,851,6
1646,Forest,Computational Geometry,56,10
1647,A Game with Marbles,Mathematics,856,3
1648,Help Bob,Paradigms,87,9
1649,Annoying Painting Tool,Paradigms,596,4
1650,Black and White Painting,Mathematics,495,3
1651,Cylinder,Computational Geometry,195,7
1652,Deli Deli,Ad-Hoc,956,2
1653,Expressions,Graph,87,5
1654,Grocery Store,Paradigms,467,9
1655,106 Miles To Chicago,Graph,"1,617",6
1656,Halloween Treats,Mathematics,187,8
1657,Automatic Correction of Misspellings,Ad-Hoc,99,9
1658,Dihedral Groups,Mathematics,33,7
1659,Economic Phone Calls,Paradigms,23,5
1660,Flavius Josephus Reloaded,Mathematics,152,7
1661,Wine Trading in Gergovia,Paradigms,"2,022",5
1662,Homogeneous Squares,Mathematics,47,7
1663,Ambiguous Permutations,Ad-Hoc,618,3
1664,Bullshit Bingo,Strings,299,7
1665,Decorate the Wall,Computational Geometry,46,8
1666,Any Fool Can Do It,Paradigms,72,7
1667,HTML,Strings,634,9
1668,Help The Problem Setter,Graph,34,5
1669,All Discs Considered,Graph,316,8
1670,Boolean Logic,Ad-Hoc,43,3
1671,Code,Graph,124,8
1672,In Danger,Paradigms,383,6
1673,Run Length Encoding,Data Structures and Libraries,514,7
1674,Fractran,Mathematics,16,5
1675,Binary Search Heap Construction,Graph,137,10
1676,Assistance Required,Ad-Hoc,519,5
1677,The Bottom of a Graph,Graph,324,9
1678,Fixed Partition Contest Management,Ad-Hoc,10,5
1679,"Drink, on Ice",Computational Geometry,56,6
1680,Edge,Ad-Hoc,213,4
1681,Fold,Paradigms,18,5
1682,Genetic Code,Paradigms,915,5
1683,Largest Rectangle in a Histogram,Data Structures and Libraries,574,7
1684,Candy Marathon,Ad-Hoc,151,6
1685,Daniel's Square,Paradigms,119,9
1686,Palindromic Sequence,Strings,18,5
1687,Unlock the Smartphone,Paradigms,160,9
1688,Intergalactic Nim,Mathematics,55,7
1689,Radars,Paradigms,556,7
1690,Subset Sum,Paradigms,862,7
1691,Super Circumference,Ad-Hoc,18,5
1692,Curo Attack,Graph,45,10
1693,Just Another Physics Problem,Computational Geometry,235,10
1694,Lottery,Mathematics,364,8
1695,Ordering Trees,Graph,145,9
1696,Playing With Operators,Data Structures and Libraries,113,10
1697,Jaida and Multiply Game,Mathematics,720,9
1698,Brazilian Metro,Graph,24,5
1699,Very Boring Game,Ad-Hoc,310,8
1700,Antennas,Paradigms,228,10
1701,Fibos's Sequence,Data Structures and Libraries,145,9
1702,Graph Coloring,Graph,182,8
1703,Jumping Stones,Mathematics,83,10
1704,Arranging Tasks,Data Structures and Libraries,"1,196",9
1705,Binary Lover,Mathematics,216,10
1706,Magical Candy Bridges,Graph,451,6
1707,Numbers Game,Paradigms,158,8
1708,Lap,Ad-Hoc,"4,660",3
1709,Shuffled Deck,Data Structures and Libraries,"2,527",4
1710,Confederation,Ad-Hoc,509,6
1711,Miss Worm,Graph,515,8
1712,Ecology,Ad-Hoc,199,10
1713,Teletransport,Graph,428,7
1714,Letters,Ad-Hoc,375,8
1715,Handball,Ad-Hoc,"4,492",2
1716,RSA,Ad-Hoc,"1,036",7
1717,Cut,Ad-Hoc,110,9
1718,Grandpa Pepe's Pizza,Ad-Hoc,482,8
1719,Simple Computers,Ad-Hoc,184,8
1720,Mondriaan's Dream,Paradigms,108,6
1721,Equidistance,Computational Geometry,66,9
1722,How many Fibs?,Mathematics,600,8
1723,Phylogenetic Trees Inherited,Graph,25,5
1724,Hike on a Graph,Graph,57,6
1725,Quadtree II,Data Structures and Libraries,35,5
1726,Friends,Strings,272,7
1727,Euro Cup 2000,Paradigms,182,6
1728,"Hard to Believe, But True!",Ad-Hoc,"1,465",3
1729,Average is not Fast Enough!,Mathematics,256,6
1730,Global Roaming,Computational Geometry,56,4
1731,Advanced Fruits,Ad-Hoc,98,6
1732,Bee Maja,Ad-Hoc,397,4
1733,Vladimir the Vampire,Graph,47,9
1734,Bound Found,Mathematics,21,5
1735,Code the Tree,Mathematics,226,6
1736,Decode the Tree,Mathematics,44,9
1737,Etaoin Shrdlu,Strings,535,4
1738,Fiber Network,Graph,926,6
1739,Threebonacci Sequence,Ad-Hoc,"1,739",4
1740,Is it Ordered?,Data Structures and Libraries,97,10
1741,Reversed John’s Notation,Ad-Hoc,550,9
1742,Getting in Trouble,Graph,40,10
1743,Automated Checking Machine,Ad-Hoc,"8,193",1
1744,Black and White Stones,Paradigms,435,7
1745,Counting Substhreengs,Mathematics,403,6
1746,Dividing the Names,Data Structures and Libraries,84,10
1747,Even Distribution,Graph,208,10
1748,Fence The Vegetables,Computational Geometry,50,9
1749,Galaxy Collision,Graph,266,8
1750,Help Cupid,Ad-Hoc,434,6
1751,Intrepid Climber,Graph,396,6
1752,Journey Through The Kingdom,Graph,101,10
1753,Knights Of The Round Table,Ad-Hoc,32,10
1754,The Time Room,Mathematics,446,6
1755,The Change,Ad-Hoc,595,7
1756,Genetic Algorithm,Mathematics,234,4
1757,Barrel Travel,Graph,250,7
1758,Bonus Grade Points,Ad-Hoc,605,5
1759,Ho Ho Ho,Beginner,"32,192",1
1760,Koch Snowflake,Mathematics,"1,485",2
1761,Christmas Decorations,Mathematics,"1,788",1
1762,Sleds of Santa Claus,Data Structures and Libraries,213,8
1763,Santa's Translator,Data Structures and Libraries,"5,255",3
1764,Itinerary of Santa Claus,Graph,"3,433",3
1765,Christmas Trapeziums,Ad-Hoc,"1,454",2
1766,The Dark Elf,Data Structures and Libraries,"3,379",3
1767,Santa Claus Bag,Paradigms,"2,404",4
1768,Christmas Tree,Strings,"5,766",1
1769,SSN 1,Ad-Hoc,"3,866",3
1770,Shuffle,Ad-Hoc,609,3
1771,Random Bingo Cards,Ad-Hoc,189,5
1772,Bit Shuffling,Ad-Hoc,564,5
1773,Locked in the Castle,Graph,461,9
1774,Routers,Graph,"3,941",3
1775,Andre and the Mentos,Paradigms,309,6
1776,Prom,Mathematics,313,9
1777,Walk of Fame,Paradigms,315,9
1778,Graph Defense,Graph,152,10
1779,Estimating the Mean,Ad-Hoc,"1,084",5
1780,Robots Formation,Ad-Hoc,100,9
1781,Guga and the String,Strings,738,8
1782,Honorable Gift,Graph,83,9
1783,"Oh no, a Black Hole!",Computational Geometry,608,3
1784,Birds vs Crows,Paradigms,78,9
1785,Kaprekar,Mathematics,817,3
1786,SSN 2,Ad-Hoc,"1,858",3
1787,URI,Ad-Hoc,"1,408",5
1788,Playing with Numbers,Paradigms,133,9
1789,The Race of Slugs,Beginner,"21,236",3
1790,Detecting Bridges,Graph,"1,333",6
1791,Discovering an Matrix,Ad-Hoc,86,10
1792,Programmed Attack,Graph,290,8
1793,Escalator,Ad-Hoc,"2,173",1
1794,Laundry,Ad-Hoc,"6,357",1
1795,Trinomial Triangle,Mathematics,"4,879",2
1796,Brazilian Economy,Ad-Hoc,"6,314",2
1797,Blasted and Curious,Computational Geometry,215,9
1798,Pipe Cutting,Paradigms,"2,964",5
1799,The Rat in a Maze,Graph,"2,080",4
1800,Where Are My Keys,Ad-Hoc,"2,070",3
1801,Playing with Numbers,Mathematics,236,8
1802,Books Catalog,Ad-Hoc,"1,597",3
1803,Matring,Strings,"3,289",1
1804,Mathematicians Needed in Mars,Data Structures and Libraries,"1,418",6
1805,Natural Sum,Mathematics,"12,275",6
1806,Agent 004,Graph,261,7
1807,"Trinomial Triangle, the Revenge",Mathematics,"1,672",5
1808,The Return of The King,Ad-Hoc,"1,706",3
1809,Secret Agents,Ad-Hoc,40,5
1810,"Beverly Hills, Century City",Paradigms,50,9
1811,The Oscar Goes To...,Ad-Hoc,144,8
1812,A Cluster to Avoid Floods,Mathematics,31,5
1813,Anachronic?,Graph,100,9
1814,DNA Storage?,Ad-Hoc,72,8
1815,Drunk People?,Mathematics,132,8
1816,Prague Vikings?,Ad-Hoc,503,2
1817,Tsing Ling Archaeologists,Ad-Hoc,28,5
1818,Convention Center,Computational Geometry,2,5
1819,Estimating Production,Mathematics,11,5
1820,Sing Pil University Groups,Ad-Hoc,32,5
1821,Chinese Miai,Graph,68,9
1822,Constructions of China,Paradigms,80,2
1823,The Last But One Emperor,Graph,8,5
1824,Tse Tse Frogs,Ad-Hoc,82,9
1825,Anting,Computational Geometry,24,5
1826,Is The Language Infinite?,Graph,30,10
1827,Square Array IV,Beginner,"13,006",1
1828,Bazinga!,Beginner,"18,209",4
1829,Biggest Number Game,Mathematics,810,7
1830,Boxes of Chocolates,Mathematics,130,9
1831,Hard Day At Work,Mathematics,198,9
1832,EBCDIC,Ad-Hoc,441,3
1833,Christmas Decoration,Paradigms,209,8
1834,Vogons!,Computational Geometry,406,6
1835,Campaign's Promise,Graph,"1,793",5
1836,Pokémon!,Ad-Hoc,"1,567",3
1837,Preface,Beginner,"13,439",7
1838,The Philosopher's Stone,Paradigms,384,7
1839,The Chamber of Secrets,Mathematics,272,7
1840,The Prisoner of Azkaban,Ad-Hoc,145,8
1841,The Goblet of Fire,Mathematics,123,10
1842,The Order of the Phoenix,Strings,138,9
1843,The Half-Blood Prince,Paradigms,82,9
1844,The Deathly Hallows,Computational Geometry,168,9
1845,Efilogue,Ad-Hoc,"1,375",8
1846,Number to Name,Strings,741,8
1847,Welcome to the Winter!,Beginner,"17,069",4
1848,Counting Crow,Beginner,"13,295",3
1849,Dracarys!,Ad-Hoc,"1,018",6
1850,No One's Labyrinth,Graph,229,7
1851,How To Train Your Dragon,Data Structures and Libraries,682,6
1852,Stark Direwolves,Paradigms,88,6
1853,Daenerys' Game of Trust,Strings,103,10
1854,Winter in Winterfell,Data Structures and Libraries,175,10
1855,Maester's Map,Graph,"2,865",3
1856,Arya's Death List,Data Structures and Libraries,305,10
1857,Prelude of a Red Wedding,Computational Geometry,50,10
1858,Theon's Answer,Beginner,"17,480",2
1859,Frozen Archaeology,Strings,38,10
1860,Cersei's Walk of Shame,Paradigms,237,7
1861,Hall of Murderers,Data Structures and Libraries,"3,587",5
1862,Houses of Westeros,Graph,"1,015",6
1863,Ramsay's Counter-attack,Data Structures and Libraries,67,10
1864,Our Days Are Never Coming Back,Beginner,"15,920",2
1865,Mjölnir,Beginner,"19,641",1
1866,Bill,Beginner,"21,238",1
1867,The Greater One-digit Number,Ad-Hoc,"2,354",4
1868,Square Spiral,Strings,"1,198",2
1869,Base 32,Mathematics,"1,629",5
1870,Fans and Balloons,Ad-Hoc,"1,168",2
1871,Zero means Zero,Strings,"10,057",1
1872,Palindrome Double,Mathematics,91,10
1873,Rock-paper-scissors-lizard-Spock,Strings,"7,771",2
1874,Pushing Blocks,Data Structures and Libraries,"1,113",2
1875,Tribol,Computational Geometry,"2,574",3
1876,Rabiola,Ad-Hoc,627,2
1877,Sansa's Snow Castle,Ad-Hoc,708,3
1878,Contests in Sequence,Paradigms,904,3
1879,Bridge,Ad-Hoc,73,5
1880,Renzo and the Palindromic Decoration,Ad-Hoc,512,6
1881,Robotics Competition,Ad-Hoc,81,10
1882,Random Walks in Thailand,Graph,6,5
1883,Escape From Ayutthaya,Graph,283,9
1884,Fighting the Rajasi,Ad-Hoc,113,10
1885,Thai Lotery,Ad-Hoc,63,8
1886,Protecting the Temples,Ad-Hoc,146,6
1887,The Kunming-Singapore Railway,Ad-Hoc,53,10
1888,The chedis of Kamphaeng Phet,Ad-Hoc,34,9
1889,Training With the Larvae of Phuket,Ad-Hoc,145,9
1890,Putting Plates on the Tuk-tuks,Ad-Hoc,"1,838",2
1891,Removing Coins in the Kem Kradan,Ad-Hoc,214,6
1892,Freshman Beats Veteran?,Paradigms,938,9
1893,Moon Phases,Ad-Hoc,"5,286",4
1894,Phylogeny,Graph,32,5
1895,Game of Limit,Ad-Hoc,"1,371",3
1896,It's Time to Duel!,Ad-Hoc,685,5
1897,Smart Game,Data Structures and Libraries,"1,453",7
1898,Kickback Sum,Strings,"1,356",9
1899,Hit the Target!,Ad-Hoc,324,8
1900,Null Sequences,Paradigms,354,7
1901,Butterflies,Ad-Hoc,"2,664",5
1902,Association for Consistent Marriages,Graph,632,6
1903,Food Chain,Graph,327,10
1904,Odds and Evens 2.0,Mathematics,445,9
1905,Cops and Robbers,Graph,"3,773",5
1906,Collatz Passwords,Graph,97,9
1907,Colouring Game Scenarios,Graph,"2,130",5
1908,Multicampus UFFS,Graph,494,9
1909,Help Kiko,Mathematics,576,7
1910,Help Clotilde,Graph,"1,627",7
1911,Help Girafales,Data Structures and Libraries,"3,418",4
1912,Help Seu Madruga,Paradigms,"2,643",8
1913,Help Mr. Barriga,Paradigms,188,7
1914,Whose Turn Is It?,Beginner,"13,877",2
1915,Help Chaves,Graph,253,10
1916,Jaiminho’s Bank Hours,Ad-Hoc,149,5
1917,Help Chapolin Colorado!,Ad-Hoc,112,8
1918,Trip to Acapulco,Ad-Hoc,32,10
1919,Help Nhonho,Ad-Hoc,236,2
1920,Fountain of Desires,Ad-Hoc,280,5
1921,Guilherme and His Kites,Mathematics,"7,122",3
1922,Diego and Hammer Game,Paradigms,96,6
1923,Rerisson and The Barbecue,Graph,829,7
1924,Vitória and Her Indecision,Beginner,"14,485",1
1925,Ordan and The Girls,Graph,156,9
1926,Marianne and The Twin Cousins,Mathematics,854,8
1927,Tapioca and The Chocolate Rain,Paradigms,367,9
1928,Memory Game,Graph,863,7
1929,Triangle,Beginner,"15,993",3
1930,Electrical Outlet,Beginner,"27,448",1
1931,Even Obsession,Graph,"2,827",6
1932,Stock Market,Paradigms,"1,821",7
1933,Tri-du,Beginner,"19,949",1
1934,Puzzle,Ad-Hoc,507,5
1935,Spiral,Ad-Hoc,518,8
1936,Factorial,Ad-Hoc,"5,247",1
1937,Curious Guardians,Ad-Hoc,122,10
1938,Rectangle Park,Computational Geometry,531,6
1939,Ominobox,Ad-Hoc,32,10
1940,Strategy Game,Ad-Hoc,"3,727",3
1941,Palindrome,Strings,646,7
1942,Lottery,Ad-Hoc,176,10
1943,Top N,Ad-Hoc,"8,659",1
1944,FACE 2015 FREE GIFT,Data Structures and Libraries,"3,103",4
1945,Simulator,Ad-Hoc,481,3
1946,Pyramid of Fortune,Mathematics,328,5
1947,Cab Driver Route,Graph,149,9
1948,Compiler,Graph,84,5
1949,Shift Register,Mathematics,29,10
1950,Spöhndriger,Graph,0,5
1951,Circuit Validator,Graph,113,7
1952,Knight in 3D Chess,Graph,196,7
1953,Robert and Rampant Room,Ad-Hoc,"2,429",2
1954,Possible Evolutionary Paths,Graph,93,10
1955,See World,Graph,"1,090",5
1956,Acacias,Graph,485,8
1957,Converting to Hexadecimal,Beginner,"15,085",1
1958,Scientific Notation,Beginner,"7,456",4
1959,Regular Simple Polygons,Beginner,"13,238",3
1960,Roman Numerals for Page Numbers,Beginner,"10,057",2
1961,Jumping Frog,Beginner,"16,580",2
1962,"A Long, Long Time Ago",Beginner,"12,093",2
1963,The Motion Picture,Beginner,"15,195",2
1964,The Wrath of Khan,Ad-Hoc,116,10
1965,The Search for Spock,Ad-Hoc,41,10
1966,The Voyage Home,Ad-Hoc,377,9
1967,The Final Frontier,Mathematics,765,6
1968,The Undiscovered Country,Mathematics,118,10
1969,Generations,Mathematics,61,10
1970,First Contact,Paradigms,477,6
1971,Insurrection,Computational Geometry,140,10
1972,Nemesis,Graph,781,7
1973,Star Trek,Beginner,"8,081",7
1974,Into Darkness,Graph,22,5
1975,Pearls,Data Structures and Libraries,604,8
1976,Matrices,Paradigms,300,10
1977,I Can't be Late,Graph,516,7
1978,Cameras,Paradigms,115,9
1979,Separate Rooms,Graph,720,6
1980,Shuffling,Ad-Hoc,"2,649",6
1981,Shuffling Again,Mathematics,336,9
1982,New Computers,Computational Geometry,632,6
1983,The Chosen,Beginner,"13,052",2
1984,The Pronalância Puzzle,Beginner,"12,986",2
1985,MacPRONALTS,Beginner,"17,586",1
1986,The Martian,Ad-Hoc,"1,211",1
1987,Divisibility by 3,Ad-Hoc,"3,180",2
1988,Tourists Circuits,Graph,7,5
1989,Doing Nothing,Mathematics,912,4
1990,Equilibrium,Mathematics,95,9
1991,Factory of Bridges,Computational Geometry,41,10
1992,Gaining Time,Mathematics,3,5
1993,He is Lazy,Graph,124,9
1994,Imperialism,Graph,137,8
1995,"Game, Set and Match",Mathematics,0,5
1996,A Canvas Building,Paradigms,9,5
1997,Black and White,Ad-Hoc,494,2
1998,Awari 2.0,Ad-Hoc,341,6
1999,Ball of Reconciliation,Mathematics,259,4
2000,Adeildo of Odonto,Strings,161,10
2001,Bile,Mathematics,78,10
2002,Rogerio's House,Graph,99,10
2003,Sunday Morning,Beginner,"9,429",2
2004,Enisvaldo's Hunger,Ad-Hoc,428,5
2005,Upset Fracil,Ad-Hoc,159,9
2006,Identifying Tea,Beginner,"33,572",1
2007,Fence the Vegetables Fail,Mathematics,173,9
2008,Exposing Corruption,Ad-Hoc,276,6
2009,Just a Bit Sorted,Ad-Hoc,48,7
2010,Keep it Energized,Ad-Hoc,165,8
2011,Galactic Taxes,Ad-Hoc,260,9
2012,Height Map,Ad-Hoc,144,9
2013,At Most Twice,Ad-Hoc,290,7
2014,Blood Groups,Ad-Hoc,121,6
2015,Cake Cut,Ad-Hoc,142,7
2016,D as in Daedalus,Ad-Hoc,429,4
2017,Six Strings,Strings,891,5
2018,Christmas Olympics,Data Structures and Libraries,"1,508",4
2019,"Cici, Cini and Cino",Ad-Hoc,24,5
2020,Elves and Their Codes,Data Structures and Libraries,256,7
2021,Christmas Lights,Ad-Hoc,340,7
2022,Christmas Gifts,Data Structures and Libraries,891,5
2023,The Last Good Kid,Strings,"2,841",4
2024,Piling Gifts,Paradigms,119,8
2025,Joulupukki,Strings,"1,413",5
2026,Christmas Tree,Paradigms,"1,257",5
2027,Noel Bet,Paradigms,940,5
2028,Sequence of Sequence,Beginner,"8,832",5
2029,Honey Reservoir,Beginner,"9,809",1
2030,Pit Stop,Ad-Hoc,129,7
2031,"Rock, Paper, Airstrike",Beginner,"9,802",2
2032,Game of Eight,Graph,369,9
2033,Interest on Loan,Mathematics,547,6
2034,Cantor,Mathematics,35,7
2035,Designing T-Shirts,Strings,228,8
2036,Domino Effect,Paradigms,250,10
2037,Fixture,Ad-Hoc,246,9
2038,Generating Alien DNA,Graph,15,5
2039,Programmers Should Learn Theory of Computation,Graph,13,5
2040,The Champion,Data Structures and Libraries,611,6
2041,Gödelito's Sequence,Ad-Hoc,406,5
2042,Fofão of Persia,Paradigms,89,10
2043,High Mountains,Computational Geometry,162,10
2044,In Debt,Mathematics,"1,044",1
2045,Defending Alamo,Computational Geometry,68,10
2046,Delivers Steak,Graph,303,9
2047,Fly By Night,Data Structures and Libraries,54,5
2048,"Houston, We've Got a Problem!",Graph,66,6
2049,Numbers of Ahmoc,Strings,"1,447",4
2050,Ramsey's Saloon,Paradigms,44,6
2051,Karnaugh Maps I,Ad-Hoc,63,6
2052,Karnaugh Maps II,Paradigms,3,5
2053,ET Phone Home,Paradigms,17,5
2054,Last Year at Marienbad,Ad-Hoc,46,8
2055,"Lisp is Better than Java, C and C++",Strings,10,5
2056,The Cube,Graph,53,8
2057,Time Zone,Beginner,"18,370",2
2058,Triangles and Regular Polygons,Ad-Hoc,"7,988",1
2059,"Odd, Even or Cheating",Beginner,"14,103",2
2060,Bino's Challenge,Beginner,"21,361",1
2061,Closing Tabs,Beginner,"11,300",1
2062,OBI URI,Strings,"6,211",4
2063,Hunting Digletts,Mathematics,707,4
2064,Prant and the Indecision,Data Structures and Libraries,233,9
2065,Supermarket Line,Data Structures and Libraries,"3,726",4
2066,melborP A,Mathematics,334,3
2067,The Square Game,Data Structures and Libraries,479,6
2068,Setting up a Date,Mathematics,151,6
2069,Inês Venezuela's Square Table,Mathematics,218,7
2070,Counting MadSequences,Ad-Hoc,119,10
2071,Pharaoh's Bank,Data Structures and Libraries,174,8
2072,Anubis's Cannons,Paradigms,108,9
2073,Cairo's Market,Graph,160,6
2074,Varied Dishes From the Beautiful Nefertiti,Data Structures and Libraries,21,5
2075,Zé Coquinho,Data Structures and Libraries,30,5
2076,Great Allocation of Commodities,Mathematics,176,9
2077,Los buses de Cartagena,Data Structures and Libraries,44,5
2078,Green Peace! World Hypocrisy!,Ad-Hoc,27,5
2079,War Product,Graph,83,7
2080,Röntgen Sequences,Paradigms,78,10
2081,"Dreams, Believe Them!",Graph,142,10
2082,Time Travel,Graph,204,10
2083,On The Side Of The Road,Computational Geometry,62,10
2084,Elections,Mathematics,862,6
2085,Little Red-Cap,Graph,72,8
2086,Bike Land,Graph,159,6
2087,Good And Bad Sets,Strings,"1,585",8
2088,Dengue,Graph,495,6
2089,Cafeteria,Paradigms,623,8
2090,I Went to Market And Bought...,Ad-Hoc,251,8
2091,Lonely Number,Data Structures and Libraries,"2,359",5
2092,Watching the Game,Data Structures and Libraries,71,10
2093,Escaping from Escaping,Strings,129,10
2094,Flowers of Babylon,Computational Geometry,54,10
2095,War,Paradigms,"1,795",4
2096,Horace and His Primes,Mathematics,104,7
2097,Name to Number,Strings,184,7
2098,Treasure Island,Graph,55,8
2099,Game of Stones,Paradigms,78,6
2100,Xing Tzen Zu’s Movie Theater,Mathematics,280,4
2101,Day Combinations,Mathematics,120,5
2102,Counting in Chinese,Ad-Hoc,501,5
2103,Harbin is Too Much Money!,Graph,228,7
2104,Lasers,Computational Geometry,50,8
2105,Monopoly,Paradigms,2,5
2106,Assembling,Paradigms,296,6
2107,The Ekaterinburg Pyramids,Mathematics,34,5
2108,Counting Characters,Strings,"3,808",4
2109,Spies's Duel,Paradigms,8,5
2110,Sun Bath in The Garden,Data Structures and Libraries,39,10
2111,Understanding Sorobov,Data Structures and Libraries,339,4
2112,Scheduling Classrooms,Graph,9,5
2113,Sverdlovsk's Incident,Paradigms,0,5
2114,Poker,Mathematics,6,5
2115,Production in Ekaterinburg,Paradigms,"1,162",6
2116,Students Game,Ad-Hoc,"1,464",2
2117,Help Me Master,Graph,70,10
2118,What Headquarter?,Graph,79,10
2119,Goão and Stairs,Paradigms,34,10
2120,Tutors,Data Structures and Libraries,74,10
2121,Tourism in Yekaterinburg,Graph,6,5
2122,Voting at Yekaterinburg,Data Structures and Libraries,99,10
2123,The Law Goes on Horseback!,Ad-Hoc,632,9
2124,Mrs. Montagny Menu!,Paradigms,86,6
2125,Totems Builders,Ad-Hoc,32,10
2126,Searching Subsequences,Beginner,"5,109",2
2127,Vine System,Graph,339,8
2128,Demonstration of Honesty!,Graph,99,10
2129,Factorial,Mathematics,560,8
2130,Worldwide Finals in 2008,Graph,427,8
2131,Mrs. Montagny's Table,Graph,442,7
2132,Not One More Canadian Game!,Strings,260,5
2133,Dinostratus Numbers,Mathematics,79,9
2134,Who Will Fail?,Ad-Hoc,809,5
2135,Retrieval,Mathematics,332,5
2136,Friends of Habay,Data Structures and Libraries,"4,398",4
2137,The Library of Mr. Severino,Strings,"8,960",1
2138,Most Frequent Digit,Ad-Hoc,"2,248",4
2139,Pedrinho's Christmas,Beginner,"6,681",2
2140,Two Bills,Beginner,"9,917",2
2141,P4 Simplified,Ad-Hoc,26,5
2142,Stop the Pigeon!,Ad-Hoc,101,8
2143,The Return of Radar,Beginner,"5,181",3
2144,Bodybuilder,Ad-Hoc,"1,730",5
2145,The Love Life of the Numbers,Mathematics,157,8
2146,Password,Beginner,"13,130",1
2147,Galopeira,Beginner,"10,969",2
2148,Dice Seat,Mathematics,211,6
2149,The Uncle Phill Bonati's Sequence,Mathematics,"1,627",4
2150,Alien Vowels,Strings,"1,777",4
2151,Rulk's Punch,Ad-Hoc,722,5
2152,"Pepe, I Already Took the Candle!",Beginner,"7,940",1
2153,Sanduicheiche,Strings,950,4
2154,Polynomial Derivative,Mathematics,990,3
2155,The Lizard's Icosahedrons,Graph,82,9
2156,The Adventures of Pak-man,Ad-Hoc,321,4
2157,Mirror Sequence,Strings,"6,526",1
2158,Helping Uncle Cláudio,Computational Geometry,643,5
2159,Approximate Number of Primes,Beginner,"5,946",1
2160,Name at Form,Beginner,"11,967",4
2161,Square Root of 10,Beginner,"8,038",1
2162,Peaks and Valleys,Beginner,"9,610",4
2163,The Force Awakens,Beginner,"8,712",4
2164,Fast Fibonacci,Beginner,"9,827",2
2165,Twitting,Beginner,"13,542",4
2166,Square Root of 2,Beginner,"7,224",1
2167,Engine Failure,Beginner,"14,366",2
2168,Twilight at Portland,Beginner,"5,505",1
2169,Help Leonardo!,Paradigms,149,9
2170,Taxes of Project,Mathematics,"1,754",5
2171,Sharing with Fink,Ad-Hoc,526,2
2172,Event,Beginner,"10,835",1
2174,Pomekon Collection,Strings,"8,278",3
2175,What is the Fastest?,Ad-Hoc,"3,607",2
2176,Parity,Beginner,"9,427",1
2177,Rio 2016,Mathematics,415,8
2178,Blue Lagoon,Ad-Hoc,283,6
2179,Batuke,Ad-Hoc,591,6
2180,Travel to Mars in Primo Speed,Mathematics,"1,932",2
2181,URI - Uireb Rhom uin Iavas,Paradigms,89,9
2182,Luciano and the Bike,Graph,162,10
2183,Final Battle,Paradigms,131,10
2184,Pomekons,Graph,136,9
2185,Playing with Pomekons,Data Structures and Libraries,211,8
2186,"Bino, Prant and Indecision",Data Structures and Libraries,64,10
2187,Bits Exchanged,Ad-Hoc,"3,074",1
2188,Capuchin Monkey,Ad-Hoc,"1,087",6
2189,Kermesse,Ad-Hoc,"3,845",1
2190,Optical Network,Graph,462,7
2191,Goal Difference,Ad-Hoc,718,8
2192,To Add or to Multiply,Ad-Hoc,5,5
2193,Affine Mess,Computational Geometry,21,5
2194,Ancient Messages,Ad-Hoc,26,5
2195,Chips Challenge,Ad-Hoc,6,5
2196,Coffee Central,Ad-Hoc,99,4
2197,Machine Works,Ad-Hoc,14,5
2199,Mining Your Own Business,Ad-Hoc,30,5
2200,Mummy Madness,Ad-Hoc,11,5
2201,Pyramids,Ad-Hoc,7,5
2202,Trash Removal,Ad-Hoc,75,8
2203,Crowstorm,Beginner,"3,943",4
2204,Stop The Bomb!,Mathematics,353,7
2205,Asteroid Rangers,Ad-Hoc,4,5
2207,Bus Tour,Ad-Hoc,7,5
2208,Fibonacci Words,Ad-Hoc,41,7
2209,Infiltration,Ad-Hoc,0,5
2210,Keys,Ad-Hoc,1,5
2211,Minimum Cost Flow,Ad-Hoc,4,5
2212,Room Service,Ad-Hoc,1,5
2213,A Safe Bet,Ad-Hoc,8,5
2214,Shortest Flight Path,Ad-Hoc,3,5
2215,Stacking Plates,Ad-Hoc,6,5
2216,Takeover Wars,Ad-Hoc,22,5
2217,Nove,Ad-Hoc,"1,461",3
2218,The Fearful Evil-Son,Mathematics,"1,081",1
2219,Passing By The PokeStops,Ad-Hoc,208,7
2220,Helping Gust-Avô,Paradigms,311,8
2221,Pomekons Battle,Beginner,"9,580",2
2222,Playing with Sets,Mathematics,"1,924",8
2223,Pomekon Catalog,Data Structures and Libraries,166,9
2224,Pomekon Tournament,Paradigms,311,5
2225,Penalization,Graph,128,10
2226,Balloon Factory,Paradigms,53,10
2227,Airport,Ad-Hoc,"2,018",4
2228,Treasure Hunt,Ad-Hoc,314,8
2229,Folding,Ad-Hoc,964,3
2230,Toll,Ad-Hoc,625,7
2231,Lunar Temperature,Ad-Hoc,"1,844",5
2232,Pascal's Triangle,Mathematics,"4,714",1
2233,Colorful Labels,Ad-Hoc,945,5
2234,Hot Dogs,Beginner,"15,780",1
2235,Walking in Time,Beginner,"13,832",1
2236,Hot Potato,Paradigms,231,10
2237,Containers,Ad-Hoc,555,7
2238,Dividers,Mathematics,"2,356",8
2239,Hex Statistics,Data Structures and Libraries,157,9
2240,Merging Trees,Data Structures and Libraries,374,7
2241,Go--,Data Structures and Libraries,816,4
2242,Huaauhahhuahau,Strings,"12,883",2
2243,Isosceles,Paradigms,"1,937",4
2244,Olympic Games,Ad-Hoc,127,10
2245,Shrinking Polygons Kit,Computational Geometry,71,10
2246,Tiles,Graph,"1,129",4
2247,Grandma Vitória's Piggy Banks,Ad-Hoc,"2,331",2
2248,Internship,Ad-Hoc,"1,202",3
2249,Erdos Number,Ad-Hoc,219,6
2250,Tetris,Ad-Hoc,557,6
2251,Towers of Hanoi,Ad-Hoc,"1,771",3
2252,Discovering Password,Ad-Hoc,845,5
2253,Passwords Validator,Strings,"7,646",5
2254,Japanese Daisy Game,Ad-Hoc,105,6
2255,Self-Assembly,Ad-Hoc,17,5
2257,Surely You Congest,Ad-Hoc,22,5
2258,Factors,Ad-Hoc,13,5
2259,Harvard,Ad-Hoc,1,5
2260,Low Power,Ad-Hoc,22,5
2261,Map Tiles,Ad-Hoc,22,5
2262,Matryoshka,Ad-Hoc,20,5
2263,Pirate Chest,Ad-Hoc,5,5
2265,Up a Tree,Ad-Hoc,4,5
2266,Baggage,Ad-Hoc,20,5
2268,Crane Balancing,Ad-Hoc,9,5
2270,Maze Reduction,Ad-Hoc,3,5
2272,Metal Processing Plant,Ad-Hoc,10,5
2275,Skiing,Ad-Hoc,5,5
2276,Surveillance,Ad-Hoc,7,5
2278,Amalgamated Artichokes,Ad-Hoc,7,5
2279,Asteroids,Ad-Hoc,0,5
2280,Catering,Ad-Hoc,7,5
2281,Cutting Cheese,Ad-Hoc,12,5
2282,Evolution in Parallel,Ad-Hoc,0,5
2283,Keyboarding,Ad-Hoc,0,5
2284,Pipe Stream,Ad-Hoc,4,5
2285,Palindrome,Ad-Hoc,312,6
2286,Even or Odd,Ad-Hoc,"2,804",3
2287,Protect your Password,Ad-Hoc,653,5
2288,Grandma's TV,Ad-Hoc,353,6
2289,Hamming Distance,Ad-Hoc,676,5
2290,Apaixornados Numbers,Data Structures and Libraries,890,10
2291,Divine Numbers,Mathematics,365,8
2292,LED Panel,Strings,"1,125",6
2293,Earthworm Field,Ad-Hoc,"3,815",3
2294,Lost Elf,Ad-Hoc,560,4
2295,Taxi Fleet,Ad-Hoc,"3,776",3
2296,Trails,Ad-Hoc,"1,220",5
2297,Bafo,Ad-Hoc,"2,281",2
2298,Mini-Poker,Ad-Hoc,430,4
2299,Apology,Paradigms,589,5
2300,Energy Transmission,Graph,979,5
2301,Alive or Dead,Ad-Hoc,800,5
2302,Not so Secret Conversation,Ad-Hoc,220,9
2303,Daisies,Ad-Hoc,934,3
2304,Monopoly,Ad-Hoc,"1,949",2
2305,Cashew Harvest,Ad-Hoc,463,6
2306,Perfect Staircase,Ad-Hoc,450,4
2307,Card Game,Ad-Hoc,193,8
2308,Museum,Ad-Hoc,101,10
2309,Truco,Ad-Hoc,"1,063",4
2310,Volleyball,Beginner,"13,720",2
2311,Diving,Beginner,"9,500",2
2312,Medal Table,Ad-Hoc,"5,242",3
2313,Which Triangle,Beginner,"13,093",3
2314,Indenter,Strings,114,7
2315,Easy Difference Between Dates,Ad-Hoc,"1,011",2
2316,Slot Car,Ad-Hoc,308,6
2317,Big Bad Wolf,Ad-Hoc,231,7
2318,Magic Square,Ad-Hoc,436,8
2319,Minimum Penalty,Ad-Hoc,108,9
2320,Subsequence,Ad-Hoc,41,5
2321,Detecting Collisions,Ad-Hoc,"1,523",5
2322,Missing Piece,Ad-Hoc,"2,704",3
2323,Mobile,Ad-Hoc,368,5
2324,Folders,Ad-Hoc,186,7
2325,Repositories,Ad-Hoc,353,6
2326,Sacoleiro,Ad-Hoc,53,7
2327,Squares,Ad-Hoc,"1,149",4
2328,Chocolate,Ad-Hoc,"1,763",1
2329,Bread by the Meter,Ad-Hoc,745,6
2330,Telemarketing,Ad-Hoc,367,6
2331,Wikipedia,Ad-Hoc,115,6
2332,Maze Game,Ad-Hoc,86,7
2333,Pizza,Ad-Hoc,344,8
2334,Little Ducks,Beginner,"6,752",3
2335,Arquibaldo's Challenge,Mathematics,107,9
2336,ABC,Strings,601,7
2337,Pro Ability,Mathematics,414,4
2338,Morse,Data Structures and Libraries,"1,548",4
2339,Paper Planes,Ad-Hoc,"6,652",1
2340,Bacteria Fair,Ad-Hoc,421,5
2341,Number of Envelopes,Ad-Hoc,942,4
2342,Overflow,Ad-Hoc,"6,373",1
2343,MythBusters,Ad-Hoc,"2,190",5
2344,Exam Grades,Beginner,"17,651",1
2345,Assigning Teams,Ad-Hoc,"1,896",2
2346,Back to the Future,Ad-Hoc,203,8
2347,Counting Self-Rotating Subsets,Ad-Hoc,140,7
2348,Dating On-Line,Ad-Hoc,416,2
2349,Farm Robot,Ad-Hoc,850,2
2350,Game of Matchings,Ad-Hoc,275,10
2351,Hotel Rewards,Ad-Hoc,294,8
2352,Internet Trouble,Ad-Hoc,18,5
2353,Just in Time,Ad-Hoc,474,5
2354,Kill the Werewolf,Ad-Hoc,322,8
2355,Brazil and Germany,Ad-Hoc,"1,559",4
2356,Bacteria I,Strings,"4,215",3
2357,Violence in Syldavia,Graph,272,9
2358,Bacteria II,Strings,70,10
2359,Allocating Ambulances,Graph,398,9
2360,Centrals of Supervision,Paradigms,32,10
2361,Input and Output,Paradigms,285,8
2362,Alien Invasion,Computational Geometry,1,5
2363,Playing with Transformations,Paradigms,12,5
2364,Henrique,Paradigms,2,5
2365,Brazilian Soccer' Big Bet,Ad-Hoc,154,6
2366,Marathon,Ad-Hoc,"1,455",5
2367,Chocolate Competition,Ad-Hoc,93,7
2368,Simulator,Ad-Hoc,33,5
2369,Water Bill,Ad-Hoc,"4,048",1
2370,Teams,Data Structures and Libraries,"1,287",3
2371,Naval Battle,Ad-Hoc,432,8
2372,Meeting,Graph,855,3
2373,Waiter,Ad-Hoc,"5,643",1
2374,Tire,Ad-Hoc,"18,207",1
2375,Sedex,Ad-Hoc,"5,301",1
2376,World Cup,Ad-Hoc,"1,434",1
2377,Toll,Ad-Hoc,"5,053",1
2378,Elevator,Ad-Hoc,"2,534",2
2379,Indigenous Dance,Ad-Hoc,55,4
2380,Mergers,Data Structures and Libraries,"1,100",4
2381,Call List,Ad-Hoc,"8,366",1
2382,Martian Sedex,Ad-Hoc,"1,760",3
2383,Up,Ad-Hoc,64,5
2384,Alien Translator,Ad-Hoc,120,7
2385,Matrix Multiplication,Ad-Hoc,"1,057",6
2386,Telescope,Ad-Hoc,"2,479",3
2387,Dentist,Ad-Hoc,807,4
2388,Tachograph,Ad-Hoc,"5,783",1
2389,Forest,Ad-Hoc,202,7
2390,Escalator,Ad-Hoc,"1,147",3
2391,Arithmetic Progressions,Ad-Hoc,296,5
2392,Frog Jump,Ad-Hoc,"1,193",3
2393,The Sea is not for Fish,Ad-Hoc,493,2
2394,Race 1,Ad-Hoc,550,3
2395,Container Transport,Ad-Hoc,"2,406",1
2396,Race,Ad-Hoc,"1,543",2
2397,Triangles,Ad-Hoc,"1,643",5
2398,Treasure Hunt,Ad-Hoc,258,3
2399,Minesweeper,Ad-Hoc,"2,618",2
2400,Ballet,Ad-Hoc,510,6
2401,Calculator,Ad-Hoc,789,6
2402,Stamps,Ad-Hoc,596,6
2403,Optimal Scheduling,Ad-Hoc,325,5
2404,Reducing Map Details,Graph,"1,671",3
2405,Coloring,Ad-Hoc,464,3
2406,Expressions,Ad-Hoc,"1,270",5
2407,Magic Square,Ad-Hoc,861,8
2408,Runner-Up,Ad-Hoc,"3,380",1
2409,Mattress,Ad-Hoc,"1,569",5
2410,Class Attendance,Ad-Hoc,"2,280",4
2411,The Holey Board,Ad-Hoc,545,3
2412,Tarzan,Graph,403,6
2413,Internet Search,Ad-Hoc,"16,570",1
2414,Highest Number Challenge,Ad-Hoc,"5,171",1
2415,Consecutives,Ad-Hoc,"2,703",2
2416,Race,Ad-Hoc,"8,071",1
2417,Championship,Ad-Hoc,"3,089",1
2418,Carnival,Ad-Hoc,"1,628",2
2419,Coast,Graph,"2,005",3
2420,War for Territory,Ad-Hoc,"2,264",2
2421,Photo Album,Ad-Hoc,476,7
2422,Sum of Houses,Ad-Hoc,"1,028",6
2423,Cake Recipe,Ad-Hoc,"2,040",2
2424,Tiebreaker,Ad-Hoc,"5,603",1
2425,Bank,Ad-Hoc,288,7
2426,Bomb,Graph,111,6
2427,Chocolate,Ad-Hoc,"1,433",2
2428,Capital,Graph,829,2
2429,Highway,Graph,935,6
2430,Music Catalog,Ad-Hoc,92,2
2431,Bedsheet,Ad-Hoc,286,6
2432,Target Shooting,Ad-Hoc,554,7
2433,For Sale,Ad-Hoc,281,6
2434,Grandpa's Balance,Ad-Hoc,"4,488",1
2435,Race,Ad-Hoc,"2,343",2
2436,Robot,Ad-Hoc,793,2
2437,Manhattan Distance,Ad-Hoc,"3,245",4
2438,Square of 8,Ad-Hoc,405,7
2439,Grandma Victoria's Scarf,Ad-Hoc,201,5
2440,Troy Families,Graph,"1,561",5
2441,Window,Ad-Hoc,602,5
2442,Plantation,Ad-Hoc,109,8
2443,Fraction Sum,Ad-Hoc,"2,012",2
2444,TV Volume,Ad-Hoc,"2,240",2
2445,Polygon,Ad-Hoc,203,4
2446,Change,Paradigms,"2,092",8
2447,Tournament,Ad-Hoc,34,5
2448,Postman,Ad-Hoc,"1,502",5
2449,Door Lock,Ad-Hoc,"1,411",3
2450,Matrix Ladder,Ad-Hoc,"2,969",4
2451,PacMan,Ad-Hoc,"1,513",1
2452,Seed,Ad-Hoc,916,7
2453,P Language,Ad-Hoc,"3,181",4
2454,Pinball,Ad-Hoc,"12,103",1
2455,Seesaw,Ad-Hoc,"8,714",1
2456,Cards,Ad-Hoc,"8,720",2
2457,Letters,Ad-Hoc,"2,639",3
2458,Arrows,Ad-Hoc,323,6
2459,World Cup,Ad-Hoc,326,2
2460,Queue,Ad-Hoc,"4,024",5
2461,Bluff,Ad-Hoc,215,9
2462,Flight,Ad-Hoc,392,8
2463,Corridor,Ad-Hoc,"1,113",4
2464,Decipher,Ad-Hoc,"1,957",3
2465,Pass the Ball,Ad-Hoc,637,2
2466,Snooker,Ad-Hoc,"1,636",1
2467,Frequency,Ad-Hoc,111,10
2468,Map,Ad-Hoc,165,6
2469,Grades,Ad-Hoc,"2,324",4
2470,Memory Game,Ad-Hoc,219,5
2471,Square,Ad-Hoc,741,3
2472,Carpets,Ad-Hoc,"1,037",2
2473,Lottery,Ad-Hoc,"4,444",2
2474,Mocking the System,Mathematics,99,9
2475,Manufacture of Presents,Paradigms,102,10
2476,Noel's Deliveries,Graph,326,10
2477,Distribution Network,Graph,10,5
2478,Hit the Gift,Ad-Hoc,885,5
2479,Sorting Santa's List of Children,Ad-Hoc,"6,418",1
2480,Red Lights,Paradigms,68,9
2481,It's a Trap Bino,Paradigms,108,10
2482,Noel's Labels,Data Structures and Libraries,"3,680",2
2483,Merry Christmaaas!,Beginner,"13,747",1
2484,Abracadabra,Strings,"3,604",4
2485,Bicho da Goiaba,Graph,487,5
2486,C Mais ou Menos?,Beginner,"5,717",3
2487,Do Lado Escuro do Código,Ad-Hoc,50,9
2488,É Na Batida do Cavalo!,Data Structures and Libraries,136,5
2489,Flecha no Coelho,Mathematics,469,2
2490,Garoto Ixpertinho,Graph,215,9
2491,Habay e Robfilho – Os Fujões,Paradigms,38,5
2492,Ilhas Isoladas,Data Structures and Libraries,579,3
2493,Jogo do Operador,Beginner,"2,544",6
2494,Pens,Mathematics,256,8
2495,Where is my Pen?,Data Structures and Libraries,587,7
2496,The Only Chance,Data Structures and Libraries,"1,322",2
2497,Counting Cycles,Mathematics,"1,721",1
2498,Help Vânia,Paradigms,836,4
2499,Internal Triangle,Mathematics,222,6
2500,William Xorando,Mathematics,136,9
2501,Allowed Factors,Paradigms,173,10
2502,Deciphering the Encrypted Card,Beginner,"2,575",5
2503,Regularity Race,Data Structures and Libraries,53,9
2504,Biorythm,Ad-Hoc,11,5
2505,Autopotential,Mathematics,267,8
2506,Medical Clinic Queue,Data Structures and Libraries,"1,091",5
2507,Hamming Code,Ad-Hoc,26,5
2508,Fortune Teller,Ad-Hoc,700,4
2509,Latex Editor,Strings,52,5
2510,Batmain,Beginner,"5,586",2
2511,WWW,Ad-Hoc,277,8
2512,Reverse Game,Ad-Hoc,32,5
2513,Xoringan,Ad-Hoc,41,10
2514,Lunar Alignment,Mathematics,"1,002",5
2515,Cracker,Ad-Hoc,496,8
2516,Running,Mathematics,"1,155",3
2517,PoGro Challenge,Computational Geometry,82,6
2518,FNDI's Staircase,Computational Geometry,"2,548",3
2519,Winning Strategy,Data Structures and Libraries,151,6
2520,The Last Analógimôn,Beginner,"4,300",5
2521,Ask the Geographer,Computational Geometry,151,5
2522,FNDI's Network,Graph,499,7
2523,Will's Message,Beginner,"6,950",2
2524,Strawberry Candies,Paradigms,213,7
2525,Traveling Cacher,Computational Geometry,139,10
2526,Menu,Data Structures and Libraries,165,9
2527,Cheddar,Paradigms,158,10
2528,Forbidden City,Graph,706,6
2529,Flea Circus,Graph,77,9
2530,Cheating,Ad-Hoc,393,5
2531,Shopping in FdI,Data Structures and Libraries,875,8
2532,Demogorgon,Paradigms,682,6
2533,Internship,Beginner,"3,575",3
2534,General Exam,Beginner,"8,139",2
2535,Adoption Fair,Strings,473,6
2536,FHBZMIPS,Ad-Hoc,51,8
2537,GigaDrive,Data Structures and Libraries,175,7
2538,Gym,Data Structures and Libraries,309,9
2539,High Five,Data Structures and Libraries,450,8
2540,Leader's Impeachment,Beginner,"6,205",4
2541,Ingrest,Computational Geometry,107,8
2542,Iu-Di-Oh!,Beginner,"5,517",4
2543,UFPR Gaming,Beginner,"3,497",1
2544,Kage Bunshin no Jutsu,Beginner,"4,926",4
2545,Manyfile,Graph,969,7
2546,Allowance,Data Structures and Libraries,311,8
2547,Roller Coaster,Beginner,"5,068",2
2548,3D Virtual Museum,Ad-Hoc,999,3
2549,Usernames,Strings,454,9
2550,New Campus,Graph,"1,310",8
2551,New Record,Beginner,"3,304",3
2552,CheeseBreadSweeper,Beginner,"6,609",2
2553,Tour in FdI,Paradigms,228,7
2554,Pizza Before BH,Beginner,"2,950",3
2555,University Quiz,Paradigms,138,8
2556,CEI's Reopening,Ad-Hoc,481,2
2557,R+L=J,Strings,"1,889",2
2558,Vacuum Cleaner Robot,Graph,82,10
2559,Friday The 13th,Data Structures and Libraries,81,10
2560,Aquatic Surf,Data Structures and Libraries,459,9
2561,Treasure,Computational Geometry,98,8
2562,Analógimôn Types,Graph,892,7
2563,Transfer to the Professor,Paradigms,368,6
2564,Swap It or Not?,Ad-Hoc,181,5
2565,Test Tubes,Ad-Hoc,271,4
2566,Trip to BH,Graph,650,8
2567,Virus,Ad-Hoc,"1,985",2
2568,Actions,Ad-Hoc,871,2
2569,The 7 x 1 Witch,Ad-Hoc,"1,360",4
2570,Californication,Ad-Hoc,290,9
2571,Donor,Ad-Hoc,131,9
2572,Line-up,Ad-Hoc,175,10
2573,Treasure Hunt,Ad-Hoc,92,10
2574,Capybara Lagoon,Ad-Hoc,106,9
2575,Christmas Tree,Ad-Hoc,153,9
2576,Reversing Arrows,Ad-Hoc,318,8
2577,Box Game,Ad-Hoc,23,5
2578,Ontarama Meraini,Ad-Hoc,53,9
2579,Nagol,Ad-Hoc,784,5
2580,Master Pokémon Ho,Ad-Hoc,9,5
2581,I am Toorg!,Beginner,"7,601",1
2582,System of a Download,Beginner,"7,324",2
2583,Chirrin Chirrion,Strings,606,4
2584,Pentagon,Mathematics,962,4
2585,Incomplete Dominoes,Graph,95,7
2586,Cubenacci,Ad-Hoc,57,5
2587,Jetiqui,Strings,"1,516",1
2588,Game of Palindromes,Strings,"1,326",3
2589,The Biggest Prime Gap,Mathematics,311,9
2590,Seven,Ad-Hoc,"2,065",7
2591,HameKameKa,Strings,"3,316",1
2592,VaiNaSort,Ad-Hoc,"1,399",2
2593,Eachians I,Data Structures and Libraries,"1,032",5
2594,Eachians II,Data Structures and Libraries,"1,285",3
2595,Cash Roial,Ad-Hoc,202,6
2596,Xenlonguinho,Mathematics,"1,695",2
2597,Xenlongão,Mathematics,415,5
2598,Placing Radars,Mathematics,"1,822",3
2599,Counting Radars,Paradigms,232,7
2600,Tustin and His New Die,Ad-Hoc,"1,350",6
2601,Tustin and His Old Die,Ad-Hoc,139,7
2602,Basic Select,SQL,"41,771",4
2603,Customer Address,SQL,"36,857",1
2604,Under 10 or Greater Than 100,SQL,"33,090",2
2605,Executive Representatives,SQL,"25,560",4
2606,Categories,SQL,"23,060",3
2607,Providers' City in Alphabetical Order,SQL,"26,020",1
2608,Higher and Lower Price,SQL,"23,056",1
2609,Products by Categories,SQL,"21,303",6
2610,Average Value of Products,SQL,"17,936",3
2611,Action Movies,SQL,"18,400",4
2613,Cheap Movies,SQL,"18,001",2
2614,September Rentals,SQL,"14,224",5
2615,Expanding the Business,SQL,"18,458",1
2616,No Rental,SQL,"13,412",5
2617,Provider Ajax SA,SQL,"15,031",1
2618,Imported Products,SQL,"13,469",3
2619,Super Luxury,SQL,"13,180",2
2620,Orders in First Half,SQL,"11,887",3
2621,Amounts Between 10 and 20,SQL,"12,336",3
2622,Legal Person,SQL,"13,916",1
2623,Categories with Various Products,SQL,"10,535",4
2624,Number of Cities per Customers,SQL,"11,901",3
2625,CPF Validation,SQL,"7,698",4
2626,JB6 Team,Beginner,"1,893",4
2627,Automaton Team,Ad-Hoc,81,10
2628,Treasure Hunt,Ad-Hoc,39,10
2629,Rodoido,Ad-Hoc,73,5
2630,Greyscale,Beginner,"4,019",2
2631,Making Pairs,Graph,480,8
2632,Magic and Sword,Beginner,"1,695",8
2633,Barbecue at Yuri’s,Data Structures and Libraries,"4,324",2
2634,On Behalf of The Science,Ad-Hoc,17,5
2635,Web Browser,Beginner,"1,614",4
2636,3-RSA,Mathematics,458,9
2637,Batera’s House,Graph,6,5
2639,Get a Clue!,Ad-Hoc,8,5
2640,Mission Improbable,Computational Geometry,25,5
2641,Money for Nothing,Ad-Hoc,10,5
2643,Posterize,Ad-Hoc,14,5
2644,Replicate Replicate Rfplicbte,Ad-Hoc,5,5
2645,Scenery,Ad-Hoc,3,5
2646,Secret Chamber at Mount Rushmore,Graph,383,4
2648,Tarot Sham Boast,Ad-Hoc,9,5
2650,Building Walls,Ad-Hoc,916,4
2651,Upset Link,Strings,"3,552",4
2652,How Many Trees?,Graph,98,10
2653,Dijkstra,Beginner,"5,431",2
2654,Godofor,Data Structures and Libraries,"2,025",5
2655,Dangerous Trail,Data Structures and Libraries,674,8
2656,Rhombus,Data Structures and Libraries,74,10
2657,Sensate,Graph,225,9
2658,Intergalactic Chords,Data Structures and Libraries,714,9
2659,Joke,Ad-Hoc,169,9
2660,Periodical Cicadas,Mathematics,665,6
2661,Stripped,Mathematics,"1,410",6
2662,Musical Scale,Ad-Hoc,627,4
2663,Phase,Beginner,"4,587",3
2664,Gymnastics,Paradigms,"1,080",4
2665,Hyperfield,Computational Geometry,562,7
2666,Royal Tax,Graph,785,3
2667,Mouth Game,Mathematics,"2,354",3
2668,K-th,Mathematics,138,9
2669,Biotechnology Laboratory,Strings,314,10
2670,Coffee Machine,Beginner,"12,402",3
2671,Decoding the Text,Data Structures and Libraries,105,9
2672,Network Mask,Ad-Hoc,68,6
2673,Serial and Parallel Resistors,Ad-Hoc,44,8
2674,Super Primes: Engage!,Mathematics,"4,203",7
2675,Steal Pack,Ad-Hoc,268,6
2676,City in the Center,Graph,231,6
2677,Even or Odd,Paradigms,517,7
2678,Voice Dialing,Strings,759,5
2679,Even Successor,Ad-Hoc,"5,140",1
2680,Payroll,Mathematics,476,8
2681,Monkeys at Hanoi Tower,Mathematics,419,8
2682,Fault Detector,Ad-Hoc,"1,624",5
2683,Design Space,Graph,"1,081",5
2684,Help Professor Webscript!!,Ad-Hoc,35,10
2685,The Change,Beginner,"2,841",2
2686,The Change Continues!!,Beginner,"1,412",5
2687,Bacterial Domination,Graph,247,7
2688,Choosing a Place,Graph,17,5
2689,Game of the Miao,Ad-Hoc,148,4
2690,New Password RA,Strings,"1,461",5
2691,The Mathematician,Strings,"1,353",3
2692,Zoeiro Keyboard,Strings,"1,380",4
2693,Van,Data Structures and Libraries,"2,893",3
2694,Problem with the Calculator,Strings,"6,299",1
2695,Arranging Tiles,Computational Geometry,65,10
2697,Complete Naebbirac’s Sequence,Strings,430,7
2698,Daunting Device,Data Structures and Libraries,130,10
2699,Enigma,Paradigms,308,6
2700,Fundraising,Data Structures and Libraries,256,7
2701,Gates of Uncertainty,Ad-Hoc,61,8
2702,Hard Choice,Beginner,"12,285",1
2703,Imperial Roads,Graph,423,10
2704,Jumping Frog,Ad-Hoc,112,8
2705,Keep It Covered,Ad-Hoc,87,7
2706,Linearville,Graph,30,5
2708,Tourists in the Huacachina Park,Beginner,"3,741",1
2709,The Coins of Robbie,Beginner,"2,793",9
2710,Game of Array,Ad-Hoc,84,10
2711,Unlocking a Cell Phone,Mathematics,169,10
2712,Vehicular Restriction,Beginner,"3,897",4
2713,The Wizard is Relentless,Paradigms,159,6
2714,My Temporary Password,Strings,"2,573",2
2715,Splitting Assignments I,Beginner,"1,576",7
2716,Splitting Assignments II,Paradigms,415,9
2717,Elf Time,Beginner,"8,846",1
2718,Christmas Lights,Beginner,"2,153",5
2719,How Many Trips Will Noel Make?,Ad-Hoc,852,6
2720,Large Presents,Data Structures and Libraries,"1,602",7
2721,Indecision of Reindeers,Beginner,"4,327",3
2722,Evergreen Trick,Strings,"2,497",3
2723,Balancing Gifts,Paradigms,443,7
2724,Help Patatatitu,Beginner,782,4
2725,Christmas Village,Graph,177,4
2726,Full Sleigh,Mathematics,34,9
2727,Secret Code,Beginner,"3,247",3
2728,"Grace Hopper, Grandma of Cobol",Strings,"1,851",6
2729,Shopping List,Data Structures and Libraries,"6,909",4
2730,Paired Pairs,Ad-Hoc,239,6
2731,Trip Programming,Graph,319,5
2732,Alice's Kingdom,Graph,224,6
2733,The Reader's Locker,Ad-Hoc,287,5
2734,Trading Presents,Data Structures and Libraries,335,10
2735,Nina's Gift,Mathematics,58,8
2736,Avalon Numbers,Ad-Hoc,44,7
2737,Lawyers,SQL,"8,831",6
2738,Contest,SQL,"7,389",4
2739,Payday,SQL,"6,010",6
2740,League,SQL,"5,490",5
2741,Students Grades,SQL,"6,444",5
2742,Richard's Multiverse,SQL,"5,328",5
2743,Number of Characters,SQL,"6,416",3
2744,Passwords,SQL,"7,232",1
2745,Taxes,SQL,"6,372",3
2746,Viruses,SQL,"6,949",1
2747,Output 1,Beginner,"16,761",1
2748,Output 2,Beginner,"15,307",1
2749,Output 3,Beginner,"10,932",2
2750,Output 4,Beginner,"9,256",1
2752,Output 6,Beginner,"7,124",1
2753,Output 7,Beginner,"11,447",1
2754,Output 8,Beginner,"8,829",1
2755,Output 9,Beginner,"11,148",2
2756,Output 10,Beginner,"12,806",1
2757,Input and Output of Integers,Beginner,"8,090",3
2758,Floating Number Input and Output,Beginner,"7,423",4
2759,Input and Output Character,Beginner,"10,850",2
2760,String Input and Output,Beginner,"7,152",5
2761,Input and Output of Various Types,Beginner,"2,308",6
2762,Input and Output 6,Beginner,"7,284",2
2763,CPF Input and Output,Beginner,"11,114",1
2764,Date Input and Output,Beginner,"13,579",4
2765,Coming Input and Output,Beginner,"4,834",4
2766,Input and Output Reading and Skipping Names,Beginner,"9,445",3
2767,Party,Mathematics,270,7
2768,Dabriel's Graph,Graph,734,7
2769,Assembly Line,Beginner,"1,077",4
2770,Board Size,Beginner,"2,749",7
2771,Average,Ad-Hoc,316,6
2772,Plantation,Ad-Hoc,108,10
2773,Shortest Path,Computational Geometry,249,7
2774,Sensor Accuracy,Beginner,"1,277",4
2775,Preparing Production,Beginner,672,4
2776,Promotions,Ad-Hoc,259,8
2777,Dabriel's Subsets,Mathematics,127,5
2778,Dabriel's Matrix,Paradigms,224,10
2779,Album of the Cup,Beginner,"4,708",1
2780,Robot Basketball,Beginner,"12,687",1
2781,Compensation Camera,Graph,338,5
2782,Stepladder,Beginner,"2,848",3
2783,Cup Stickers,Beginner,"3,265",2
2784,Islands,Graph,968,5
2785,Pyramid,Beginner,911,4
2786,School Floor,Beginner,"6,185",1
2787,Chess,Beginner,"16,473",1
2788,Class,Ad-Hoc,57,5
2789,Water Crisis,Ad-Hoc,151,9
2790,Dices,Ad-Hoc,280,5
2791,Bean,Beginner,"8,256",1
2792,Golnaldinho,Data Structures and Libraries,420,8
2793,HM,Ad-Hoc,165,6
2794,Lighter Mounts,Ad-Hoc,568,4
2795,Palindrome,Ad-Hoc,155,9
2796,Houseplant,Ad-Hoc,315,10
2797,Applying Tests,Ad-Hoc,217,6
2798,Lero-Lero of Mineira,Ad-Hoc,63,10
2799,Northern Choir,Paradigms,8,5
2800,Playing with Queries,Data Structures and Libraries,199,9
2801,Affine Cipher,Mathematics,87,9
2802,Dividing Circles,Beginner,"2,206",5
2803,States from the North,Ad-Hoc,"1,465",3
2804,Railways,Graph,43,8
2805,Binarizing the Matrix,Data Structures and Libraries,127,5
2806,Typical Ingredients,Ad-Hoc,83,10
2807,Iccanobif,Beginner,"4,086",2
2808,Knights Again,Beginner,"2,866",3
2809,K-th Path,Graph,63,10
2810,Dengue 2.0,Graph,39,9
2811,Sibi-Xor,Paradigms,42,10
2812,Laércio,Beginner,"1,479",3
2813,Avoiding Rain,Beginner,"1,831",4
2814,Loud Music,Ad-Hoc,182,3
2815,Stutterer Digitizer,Strings,"2,966",2
2816,Dabriel's Palindrome,Graph,62,8
2817,Darlan's Gas Station,Mathematics,166,8
2818,Funny Game,Paradigms,59,9
2819,Letters To Santa,Mathematics,29,5
2820,Bruna's Digits,Mathematics,93,9
2821,Cards Distribution,Data Structures and Libraries,89,5
2822,My First Little Graph,Mathematics,54,10
2823,Eearliest Deadline First,Beginner,600,4
2824,Pudim,Strings,453,9
2825,L as in Atreus!?,Strings,129,8
2826,Lexical,Beginner,"3,363",3
2827,Tokens Frequency,Strings,247,8
2828,Anagrams,Mathematics,349,8
2829,"Uppercase, Why?",Ad-Hoc,307,6
2830,Cup,Ad-Hoc,"1,174",5
2832,Capsules,Ad-Hoc,761,7
2833,Championship,Ad-Hoc,613,3
2834,Escape,Ad-Hoc,158,4
2835,Elevator,Ad-Hoc,567,3
2836,Wifi,Ad-Hoc,76,9
2837,Sequence,Ad-Hoc,206,7
2838,The Infinity Gems,Graph,73,7
2839,The Rangel Stockings,Mathematics,"2,656",1
2840,Balloon++,Computational Geometry,"4,528",2
2841,Dabriel and Your Party,Paradigms,139,8
2842,Dabriel and Your Strings,Paradigms,722,6
2843,"Fast Writing, the Competition",Ad-Hoc,310,9
2844,"Fast Writing, the Duel",Ad-Hoc,388,3
2845,Party at the North Pole,Beginner,"1,653",3
2846,Fibonot,Beginner,"3,389",4
2847,"Paper, Scissors, I Love You!",Ad-Hoc,406,5
2848,Rangel and the Array Game I,Data Structures and Libraries,728,6
2849,Rangel and the Array Game II,Data Structures and Libraries,211,10
2850,Polyglot Parrot,Beginner,"3,914",4
2851,Rangel's Challenge,Ad-Hoc,194,9
2852,Messaging,Beginner,740,5
2853,Bibika's Inventions,Ad-Hoc,162,7
2854,Family Tree,Graph,"1,826",4
2855,Lucky Numbers,Data Structures and Libraries,552,7
2856,Cheese Bread Trip,Paradigms,122,7
2857,SpeedWagon Flow,Data Structures and Libraries,204,7
2858,Infinite Board,Ad-Hoc,101,9
2859,Digit Root,Mathematics,185,9
2860,Peace in Spar-Ta,Data Structures and Libraries,22,5
2861,The Output,Beginner,"6,139",1
2862,Insect!,Beginner,"7,560",1
2863,Umil Bolt,Beginner,"5,794",4
2864,How Tall is It?,Mathematics,981,4
2865,Binary Palindrome,Ad-Hoc,78,8
2866,Cryptotext,Strings,"5,071",2
2867,Digits,Beginner,"4,251",5
2868,Wrrrong!,Ad-Hoc,"1,759",1
2869,Talking about Divisor ...,Mathematics,529,8
2870,Map Game,Graph,36,8
2871,Coffee Harvest,Ad-Hoc,"1,023",4
2872,TCP/IP Protocol,Data Structures and Libraries,618,7
2873,Pyramid,Mathematics,305,6
2874,Binary Phrase,Ad-Hoc,"1,048",4
2875,Tunnel Game,Ad-Hoc,253,4
2876,Adventuring in Slackline,Ad-Hoc,28,5
2877,Marbles,Paradigms,172,9
2878,Pizza Cutter,Mathematics,411,8
2879,Unveiling Monty Hall,Beginner,"4,932",1
2880,Enigma,Strings,"2,258",4
2881,Festival,Paradigms,280,8
2882,Gasoline,Paradigms,224,8
2883,Police Hypothesis,Graph,23,5
2884,Switches,Ad-Hoc,907,5
2885,Joining Capitals,Graph,62,7
2886,Kepler,Mathematics,80,10
2887,Subway Lines,Graph,308,7
2888,Modifying SAT,Paradigms,29,5
2889,Tasco Is Always Runner-up!,Data Structures and Libraries,152,9
2890,Coloring Tetrahedrons,Mathematics,354,5
2891,A Problem With A Happy Ending,Computational Geometry,198,6
2892,Training On The Velodrome,Mathematics,143,10
2893,Fibonac^{k}i,Data Structures and Libraries,430,6
2894,Virus,Graph,43,9
2895,Balance Scales,Paradigms,122,9
2896,Enjoy the Offer,Beginner,"3,764",1
2897,Command History,Ad-Hoc,222,5
2898,Olympiads,Ad-Hoc,168,5
2899,Series of Tubes,Ad-Hoc,68,5
2900,Game of Rods,Ad-Hoc,211,4
2901,Martian Volleyball,Ad-Hoc,26,5
2902,Rouba Monte,Ad-Hoc,85,6
2903,A Symmetrical Pizza,Mathematics,861,7
2904,Building a Field,Ad-Hoc,466,5
2905,Cheap Trips,Ad-Hoc,377,8
2906,Database of Clients,Strings,776,3
2907,"Escape, Polygon!",Ad-Hoc,135,8
2908,Fantastic Beasts,Ad-Hoc,125,10
2909,Gathering Red-Black Fruits,Ad-Hoc,44,5
2910,Highway Decommission,Ad-Hoc,354,8
2911,Ink Colors,Ad-Hoc,222,8
2912,Jeopardized Election,Ad-Hoc,16,5
2913,KryptoLocker Ate my Homework,Ad-Hoc,74,10
2914,Looking for the Risk Factor,Ad-Hoc,320,9
2915,Mount Marathon,Ad-Hoc,554,2
2916,The Note,Data Structures and Libraries,769,9
2917,String,Paradigms,81,8
2918,Smart Digits,Paradigms,172,9
2919,Best Order,Paradigms,389,7
2920,Small Number,Paradigms,66,9
2921,Alien Charts,Paradigms,76,8
2922,Classrooms,Ad-Hoc,500,5
2923,Birinho,Ad-Hoc,597,4
2924,BigInt,Ad-Hoc,547,4
2925,IccanobiF Sequence,Ad-Hoc,225,5
2926,So This is Christmas!,Ad-Hoc,"1,637",1
2927,Unforeseen at Christmas,Ad-Hoc,902,2
2928,Crossing Lakes,Ad-Hoc,445,3
2929,Smallest on the Stack,Data Structures and Libraries,"2,698",8
2930,Final Thesis of Christmas Depression,Beginner,"2,456",4
2931,Suspicious Gifts,Ad-Hoc,100,6
2932,Santa's Reindeers,Paradigms,45,10
2933,Earth Sled Tour,Graph,46,7
2934,Noel and His Reindeer,Paradigms,58,9
2935,DNA of Elf,Ad-Hoc,25,5
2936,How Much Cassava?,Beginner,"9,250",1
2937,Snake Norato,Mathematics,9,5
2938,Jaçanã,Ad-Hoc,171,7
2939,Couples,Mathematics,157,9
2940,Broken Time Machine,Ad-Hoc,6,5
2941,Optical Fiber,Graph,150,5
2942,Bits Mixing,Ad-Hoc,160,10
2943,Smider Pan,Ad-Hoc,145,7
2944,Emergency in Manaus,Ad-Hoc,61,10
2945,Monitor,Ad-Hoc,50,6
2946,Dabriel and the Divisibility,Ad-Hoc,492,9
2947,Correct Answers,Ad-Hoc,315,4
2948,Açaí Planting,Ad-Hoc,114,10
2949,The Fellowship of the Ring,Beginner,"3,259",3
2950,The Two Towers,Beginner,"3,718",1
2951,The Return of The King,Beginner,"1,977",3
2952,Sustainable Living,Data Structures and Libraries,117,9
2953,One More Game,Mathematics,287,2
2954,The Game,Strings,330,6
2955,Truuuuuco!,Mathematics,32,5
2956,13 Variables Derivative,Mathematics,532,2
2957,Lord Grandpa,Ad-Hoc,126,8
2958,The Bad Vibes Walk,Data Structures and Libraries,"1,327",2
2959,StopAll,Graph,"1,049",6
2960,Once Upon a Time...,Strings,97,10
2961,Too Many Movies!,Data Structures and Libraries,350,5
2962,Artwork,Graph,713,9
2963,Buffoon,Beginner,"3,772",3
2964,Crossings With Danger,Ad-Hoc,19,5
2965,Denouncing Mafia,Graph,414,7
2966,Exhibition of Clownfish,Ad-Hoc,20,5
2967,Forests in Danger,Paradigms,94,10
2968,Hour for a Run,Beginner,"3,737",5
2969,Interplanetary,Graph,148,10
2970,Keep Calm and Sell Balloons,Paradigms,40,7
2971,Jar of Water Game,Ad-Hoc,318,9
2972,Less Coin Tosses,Ad-Hoc,433,8
2973,Maratona Brasileira de Popcorn,Paradigms,"1,269",9
2974,Lock,Strings,97,5
2975,Ring,Strings,49,5
2976,Triangles,Paradigms,7,5
2977,Romeo and Juliet,Graph,26,5
2978,Card,Mathematics,97,10
2979,Rook,Ad-Hoc,14,5
2980,Tree Game,Graph,66,5
2981,We Are Going To Close,Mathematics,420,3
2982,The Strike Stops or Continues?,Beginner,"2,147",3
2983,Not Everything is Strike,Mathematics,271,8
2984,Outstanding Issues,Data Structures and Libraries,"1,427",2
2985,Tobias Against the Clock,Ad-Hoc,89,7
2986,Not Everything is Strike Hard Version,Mathematics,361,1
2987,Balloon of Honor,Beginner,"11,434",1
2988,Cearense Championship,SQL,"2,845",4
2989,Departments and Divisions,SQL,"1,384",7
2990,Employees CPF,SQL,"4,414",4
2991,Department Statistics,SQL,"1,248",9
2992,Highest Avarage Salary Divisions,SQL,"1,150",7
2993,Most Frequent,SQL,"4,128",3
2994,How much does a Doctor earn?,SQL,"3,824",2
2995,The Sensor Message,SQL,"2,514",5
2996,Package Delivery,SQL,"2,296",5
2997,Employees Payment,SQL,"1,303",9
2998,The Payback,SQL,"1,249",6
2999,Highest Division Salary,SQL,"1,004",5
3001,Update sem Where,SQL,"2,826",6
3002,Save Lilly!,Mathematics,129,5
3003,The Little Group,Graph,48,5
3004,Envelopes,Mathematics,965,3
3005,Stacks of Parallelepipeds,Ad-Hoc,520,2
3006,Copacabana Tour,Ad-Hoc,33,5
3007,Lucas and Frobenius,Mathematics,21,5
3008,Matches Numbers,Ad-Hoc,56,5
3009,Dominos,Ad-Hoc,169,8
3010,Ambiguous Binaries,Ad-Hoc,37,5
3011,Algebraic Puzzle,Ad-Hoc,50,8
3012,Algorithm Teaching,Ad-Hoc,40,1
3013,Build the Perfect House,Ad-Hoc,16,5
3014,Cut Inequality Down,Ad-Hoc,29,5
3015,Dazzling Stars,Ad-Hoc,41,5
3016,Eggfruit Cake,Ad-Hoc,88,8
3017,Fabricating Sculptures,Ad-Hoc,54,5
3018,Gluing Pictures,Ad-Hoc,49,5
3019,Hold or Continue?,Ad-Hoc,19,5
3020,Improve SPAM,Ad-Hoc,98,6
3021,Jumping Grasshopper,Ad-Hoc,31,5
3022,Know your Aliens,Ad-Hoc,67,7
3023,Leverage MDT,Ad-Hoc,73,5
3024,Mountain Ranges,Ad-Hoc,475,1
3025,Harvester,Ad-Hoc,19,5
3026,Periodic Integer Number,Mathematics,11,5
3027,Workout Plan,Graph,16,5
3028,Bubble Reactor,Graph,2,5
3029,Function Composition,Mathematics,5,5
3030,Jumping Transformers,Ad-Hoc,2,5
3031,Xor Spanning Tree,Graph,1,5
3032,Product Tuples,Ad-Hoc,7,5
3033,Help Maria,Ad-Hoc,51,9
3034,The Douglas Case,Ad-Hoc,563,2
3035,Piece Factory,Ad-Hoc,107,6
3036,Shirt Color,Mathematics,258,9
3037,Playing Darts by Distance,Beginner,"3,993",2
3038,Encrypted Christmas Letter,Strings,"1,746",4
3039,Santa's Toys,Beginner,"3,530",2
3040,The Christmas Tree,Beginner,"4,734",1
3041,Articles Distribution,Ad-Hoc,194,3
3042,Deflecting from Christmas Trees,Beginner,"1,020",7
3043,June Party,Graph,96,5
3044,Maintenance,Graph,141,5
3045,Jurassic Park,Data Structures and Libraries,115,5
3046,Domino,Beginner,"6,155",1
3047,The age of Mrs. Monica,Beginner,"6,464",1
3048,Secret Sequence,Ad-Hoc,"4,233",1
3049,Cut Note,Mathematics,"2,187",1
3050,Distance Between Friends,Ad-Hoc,851,3
3051,Sum,Paradigms,495,9
3052,Rain,Ad-Hoc,557,5
3053,Game of Cups,Beginner,"3,359",4
3054,Super-cool Matrix,Ad-Hoc,73,5
3055,Forgotten Score,Beginner,"7,552",1
3056,Midpoint,Ad-Hoc,569,4
3057,Detective,Ad-Hoc,77,5
3058,Supermarket,Ad-Hoc,"2,151",1
3059,Pairs of Numbers,Ad-Hoc,"1,504",2
3060,Interest-Free Installments,Ad-Hoc,"1,853",2
3061,Skin Blemishes,Graph,291,5
3062,Collection of Upas,Ad-Hoc,111,5
3063,Bus Lines,Ad-Hoc,101,5
3064,Elastic,Computational Geometry,50,5
3065,Calculating,Beginner,"1,736",4
3067,Domino,Graph,115,5
3068,Meteors,Beginner,"1,991",5
3069,Ice Cream,Data Structures and Libraries,414,6
3070,HyperspaceTM Highways,Graph,3,5
3071,Best Ranking,Ad-Hoc,15,5
3072,Dating,Graph,8,5
3073,Vectors,Paradigms,0,5
3074,Queries on an Array,Ad-Hoc,47,5
3075,Casinos and Travel,Graph,12,5
3076,History Exercise,Beginner,"2,162",4
3077,Distributing Pequis,Ad-Hoc,166,3
3078,Só o Ouro,Mathematics,285,8
3079,Illuminated Street,Mathematics,22,5
3080,Protect the Data,Strings,29,5
3081,Orbit,Computational Geometry,14,5
3082,Killer Of Mutant Jaguar,Graph,56,10
3083,"Emreh, Liug And The Strings",Strings,23,5
3084,Old Clock,Beginner,"3,598",5
3085,The Big Day,Ad-Hoc,174,8
3086,The Jedi Knight Guilherme,Paradigms,27,5
3087,The Padawan Jorge,Ad-Hoc,112,5
3088,Text Correction,Strings,"1,582",4
3089,Christmas Gifts,Beginner,"1,447",7
3090,Battlefield,Ad-Hoc,386,6
3091,Rest 1.0,Beginner,"6,528",1
3092,Guys' Truco 2.0,Ad-Hoc,82,5
3093,Guys' Truco 1.0,Ad-Hoc,769,1
3094,Guys' Truco 3.0,Ad-Hoc,40,5
3095,Warriors' Pudding,Paradigms,39,5
3096,Overflow,Mathematics,320,7
3097,A Simple Challenge,Data Structures and Libraries,84,5
3098,Plindrome,Paradigms,118,5
3099,The Problem of 7 x 1,Mathematics,103,5
3100,The Lucky Digits,Strings,93,5
3101,Polygamous Families,Graph,46,5
3102,Kikoho,Mathematics,542,3
3103,Lucky Number,Strings,596,7
3104,Rest 2.0,Mathematics,674,10
3105,Folding Paper,Ad-Hoc,126,10
3106,Coding Competition,Ad-Hoc,"1,566",2
3107,Frog Jump,Paradigms,104,5
3108,Toss the BigOs,Computational Geometry,10,5
3109,Desk Updates,Ad-Hoc,452,1
3110,Farcos and The Xorshift,Mathematics,9,5
3111,Make Jim Win,Ad-Hoc,10,5
3112,Ambiguous Decoding,Ad-Hoc,47,5
3113,Insane Lock,Ad-Hoc,4,5
3114,Parkour,Paradigms,38,5
3115,Roads,Graph,161,6
3116,Impossible Followers,Paradigms,9,5
3117,Class Dismissed!,Ad-Hoc,963,2
3118,Stop The Bacteria!,Strings,166,5
3119,Atomic Gecko Adventures,Graph,83,5
3120,Marketing Ploy,Ad-Hoc,8,5
3121,My Little Investor,Ad-Hoc,8,5
3122,End of Year Party,Ad-Hoc,5,5
3123,Genesis Stones,Ad-Hoc,19,5
3124,Property Friends,Graph,76,5
3125,Equation Princess,Ad-Hoc,1,5
3126,Training List,Ad-Hoc,"2,719",1
3127,Bean Kontest,Ad-Hoc,13,5
3128,Movie Rules,Ad-Hoc,572,5
3129,Repeated Stickers,Ad-Hoc,744,5
3130,Boxes Everywhere,Ad-Hoc,56,5
3131,Reputation Index,Ad-Hoc,35,5
3132,Alien DNA,Ad-Hoc,74,5
3133,Ship Queue,Ad-Hoc,153,5
3134,Balanced Scale,Ad-Hoc,279,5
3135,Name Lists,Ad-Hoc,"1,135",5
3136,Stack Architecture,Ad-Hoc,248,5
3137,Book Pages,Ad-Hoc,893,5
3138,Tobias Birthday,Mathematics,173,5
3139,Seeking New Followers,Data Structures and Libraries,"1,799",5
3140,Copying and Pasting Code,Beginner,"1,224",1
3141,Age Doubt,Strings,"1,091",5
3142,Excel Bug,Beginner,"1,501",1
3143,Escaping the Cell Phone,Strings,127,5
3144,G of Graph,Graph,931,5
3145,An unexpected Journey,Beginner,"2,600",1
3146,Riddles in the Dark,Beginner,"2,546",1
3147,The Battle of the Five Armies,Beginner,"2,395",1
3148,The Garden,Data Structures and Libraries,85,4
3149,The Clover Bride,Data Structures and Libraries,399,2
3150,Rambo's Hideout,Graph,116,3
3151,The Divine Yogurt,Paradigms,71,3
3152,Samuel The Coffee Grower,Computational Geometry,702,3
3153,Fake News,Paradigms,235,7
3154,The Big Party,Mathematics,189,3
3155,Socrates and his Questions,Data Structures and Libraries,49,7
3156,Galactic Chess,Computational Geometry,2,9
3157,Long Live Science!,Beginner,"3,011",1
3158,The Good President,Graph,225,5
3159,Big Brick,Strings,816,2
3160,Friends,Data Structures and Libraries,"1,831",3
3161,The Forgotten Fruits,Beginner,"1,118",1
3162,Space Communication,Beginner,"1,403",4
3163,Flying Control,Data Structures and Libraries,"1,615",2
3164,Inspection on Company,Beginner,60,5
3165,Twin Prime,Mathematics,746,1
3166,Finding Words on Main Diagonal,Strings,332,6
3167,Finding Words on Secondary Diagonal,Strings,159,6
3168,Gnome's Bet,Ad-Hoc,55,8
3169,Hitting Retreat,Graph,74,5
3170,Christmas Balls,Beginner,"3,799",1
3171,String Led,Data Structures and Libraries,899,1
3172,Dali and Dila,Ad-Hoc,25,10
3173,Christmas Star,Beginner,528,1
3174,Noel's Work Groups,Beginner,"2,375",1
3175,Santa's Gifts,Ad-Hoc,337,2
3176,Gnome's Teams,Data Structures and Libraries,892,2
3177,Santa's Toy Factory,Ad-Hoc,40,8
3178,Aspen Avenue,Paradigms,4,5
3179,Best Compression Ever,Mathematics,28,7
3180,Code Theft,Strings,8,6
3181,Dinner,Beginner,29,3
3182,Event Planning,Mathematics,572,3
3183,Fixing the Bugs,Mathematics,4,8
3184,Getting Gold,Computational Geometry,265,2
3185,Hard Evidence,Mathematics,8,4
3186,Introspective Caching,Data Structures and Libraries,13,5
3187,Just a Few More Triangles!,Mathematics,10,7
3188,Phone List,Ad-Hoc,121,5
3189,Cuckoo Hashing,Ad-Hoc,31,5
3190,Optimal Parking,Data Structures and Libraries,80,5
3191,Copying DNA,Paradigms,3,5
3192,Circle of Debt,Paradigms,5,5
3193,Full Tank?,Graph,19,5
3194,Nested Dolls,Graph,6,5
3195,Shopaholic,Paradigms,63,5
3196,Moogle,Paradigms,4,5
3197,Shoot-out,Paradigms,13,3
3198,Tour Guide,Ad-Hoc,2,5
3199,Jezzball,Ad-Hoc,2,5
3200,Card Trick,Ad-Hoc,12,5
3201,Traveling Salesman,Data Structures and Libraries,6,5
3202,Whac-a-Mole,Ad-Hoc,4,5
3203,Random Walking,Ad-Hoc,4,5
3204,Honeycomb Walk,Beginner,372,1
3205,Nasty Hacks,Ad-Hoc,86,5
3206,Crashing Robots,Ad-Hoc,23,5
3207,Funny Games,Data Structures and Libraries,21,5
3208,The Embarrassed Cryptographer,Beginner,478,5
3209,Electrical Outlets,Beginner,"2,458",1
3210,Worst Weather Ever,Data Structures and Libraries,15,5
3211,Kingdom,Graph,6,5
3212,Necklace Decomposition,Ad-Hoc,9,5
3213,Playground,Computational Geometry,12,5
3214,Soda Surpler,Beginner,"2,069",2
3215,Money Matters,Graph,289,3
3216,Allergic Test,Mathematics,17,6
3217,Rain Fall,Beginner,158,5
3218,Speedy Escape,Graph,6,5
3219,Gokigen Naname,Ad-Hoc,3,1
3220,Flight Planning,Graph,8,6
3221,Beacons,Graph,17,7
3222,Playfair Cipher,Ad-Hoc,15,4
3223,Code Permutations,Mathematics,6,4
3224,Aaah!,Beginner,"3,069",5
3225,Bread Sorting,Ad-Hoc,274,5
3226,Cookie Selection,Ad-Hoc,8,5
3227,Doorman,Ad-Hoc,197,5
3228,Eco-driving,Ad-Hoc,1,5
3229,Food Review,Beginner,53,5
3230,Galactic Warlords,Beginner,69,5
3231,Horror List,Beginner,137,5
3232,Infiltration,Beginner,20,5
3233,Juice,Beginner,26,5
3234,Kindergarten,Beginner,38,5
3235,Luggage,Beginner,70,5
3236,Succession,Graph,10,5
3237,Connect,Graph,3,5
3239,Dirty Driving,Data Structures and Libraries,33,5
3240,Doodling,Ad-Hoc,6,5
3241,Help a PhD Candidate Out!,Beginner,"1,573",5
3247,Robots on a Grid,Graph,165,5
3248,Mega Inversions,Data Structures and Libraries,251,1
3249,Death Knight Hero,Beginner,"1,062",5
3250,Elevator Trouble,Beginner,816,1
3251,ls,Paradigms,40,5
3252,Knigs of the Forest,Beginner,265,1
3253,Car Trouble,Beginner,126,1
3254,Private Space,Ad-Hoc,7,1
3255,Prime Time,Beginner,35,1
3256,Enemy Division,Beginner,107,1
3257,Planting Trees,Mathematics,487,2
3258,Boiling Vegetables,Beginner,189,4
3259,Number Trick,Mathematics,8,7
3260,Robert Hood,Computational Geometry,32,4
3261,Virus Replication,Strings,190,3
3262,Timebomb,Strings,170,2
3263,Erase Securely,Ad-Hoc,498,2
3264,Pinball,Graph,7,8
3265,Dance Reconstruction,Mathematics,0,7
3266,Dartboard,Mathematics,78,4
3267,Cliff Walk,Beginner,29,6
3268,Amanda Lounges,Graph,7,5
3269,Basin City Surveillance,Graph,4,5
3270,Catalan Square,Mathematics,124,5
3271,Dice Game,Mathematics,130,5
3272,Opening Ceremony,Mathematics,46,5
3274,Outing,Paradigms,14,5
3275,Clock Pictures,Strings,16,5
3276,How Many Squares?,Mathematics,9,5
3277,Road Work,Paradigms,7,5
3278,Train Passengers,Ad-Hoc,228,5
3299,Small Unlucky Numbers,Beginner,"3,104",2
3300,Recharged Unlucky Numbers,Strings,"1,034",2
3301,Middle Nephew,Beginner,"5,523",1
3302,Correct Answer,Beginner,"4,357",1
3303,Big Word,Beginner,"6,395",1
3304,Any Luck!,Mathematics,159,4
3305,Dominant Bishops,Ad-Hoc,109,3
3306,Search and Change,Beginner,458,2
3307,Decorate the Walk!,Ad-Hoc,721,2
3308,Elevator,Mathematics,268,4
3309,Happy are these Numbers,Ad-Hoc,233,4
3310,Gravity Boy,Strings,177,2
3311,Hudinho and his Work,Strings,524,2
3312,Math Beginner,Mathematics,574,2
3313,Wordplay,Strings,289,4
3314,"Konfused, the Hive!",Graph,28,7
3315,Computer Language,Ad-Hoc,608,2
3339,Karina,Mathematics,497,3
3340,Masters Degree Student,Graph,19,8
3341,Dice Grandmaster,Mathematics,43,10
3342,Keanu,Beginner,"5,605",2
3343,Attack On Gasparini,Beginner,800,8
3344,Brute,Beginner,"2,149",3
3345,Ferdinaccis Hobby,Mathematics,70,5
3346,GDP Fluctuation,Beginner,"2,352",1
3347,Ancestry,Strings,91,3
3348,Game of Spiders,Beginner,577,3
3349,Armor,Paradigms,67,3
3350,The House of the Seven Women,Graph,6,6
3351,Clickbait,Ad-Hoc,150,4
3352,"Run away with me, Galileo!",Computational Geometry,0,5
3353,Araucarias and the Three-Eyed Azure Jay,Strings,11,6
3354,Joãozinho Comes to the South,Mathematics,53,3
3355,Chess Pinhões,Ad-Hoc,51,3
3356,Controlled Breeding,Graph,278,3
3357,Rich of Chimarrão,Data Structures and Libraries,"1,367",1
3358,Surname is not Easy,Strings,"3,219",1
3359,Ancient Towers,Ad-Hoc,13,5
3360,"Because, Art!",Ad-Hoc,4,5
3361,Cyclists versus Clouds,Ad-Hoc,5,5
3362,Daily Turnovers,Ad-Hoc,3,5
3363,Expedition Plans,Ad-Hoc,0,5
3364,Fields Division,Ad-Hoc,50,5
3365,Generator Tree,Ad-Hoc,2,5
3366,Hamilton - The Musical,Ad-Hoc,35,5
3367,Invested Money,Ad-Hoc,37,5
3368,Joining Pairs,Ad-Hoc,20,5
3369,KIARA is a Recursive Acronym,Ad-Hoc,140,5
3370,Leaving Yharnam,Ad-Hoc,5,5
3371,Most Ordered Way,Ad-Hoc,8,5
3372,Sudoku,Ad-Hoc,18,5
3373,Da Vinci’s Cryptex,Ad-Hoc,15,5
3374,F of a and b to the k,Ad-Hoc,6,5
3375,The Long Divide,Ad-Hoc,41,5
3376,Partial Overlapping,Ad-Hoc,22,5
3377,Geometry?! Why Not??,Ad-Hoc,120,5
3378,Indistinguishable Blocks,Ad-Hoc,15,5
3379,Chop Ahoy!,Ad-Hoc,2,5
3380,Give me a break!,Ad-Hoc,26,5
3381,One for all. All for there exists.,Ad-Hoc,0,5
3382,Being Smarty!,Ad-Hoc,4,5
3383,The Game of Tetris,Ad-Hoc,4,5
3384,Wooden Blocks,Ad-Hoc,187,5
3385,Walk Like an Egyptian,Ad-Hoc,17,5
3386,The Great Sahara,Ad-Hoc,3,5
3387,Johnny Hates Number Theory,Ad-Hoc,10,5
3388,The Earth is Flat!,Ad-Hoc,2,5
3389,The Double HeLiX,Ad-Hoc,5,5
3390,Alpha of Degree k,Ad-Hoc,0,5
3391,Sort that Queue,Ad-Hoc,35,5
3392,Still Johnny Can’t Add,Ad-Hoc,2,5
3393,It’s All About Three,Ad-Hoc,5,5
3394,Newton’s Apple,Ad-Hoc,23,5
3395,The Euclidian Clock,Ad-Hoc,5,5
3396,Chop Ahoy! Revisited!,Ad-Hoc,8,5
3397,The best of the Multiverse,Ad-Hoc,558,5
3398,Converted Currency,Ad-Hoc,480,5
3399,My name is Nth!,Ad-Hoc,256,5
3400,Not so secret friend,Ad-Hoc,51,5
3401,Guava Bug Attacks Again,Ad-Hoc,58,5
3403,Bashful,Ad-Hoc,19,5
3404,Strange or Funny,Ad-Hoc,19,5
3405,Factorial,Ad-Hoc,353,5
3406,Lincoln's Cats,Ad-Hoc,32,5
3407,Coffee Time,Ad-Hoc,306,5
3408,Ignore the Letters,Ad-Hoc,202,5
3409,"Junior, how does your uncle eat?",Ad-Hoc,52,5
3410,Kebra Head,Ad-Hoc,23,5
3411,There goes ink!,Ad-Hoc,49,5
3412,Algorithm Tests,Ad-Hoc,567,5
3413,A Very Complex Challenge,Ad-Hoc,23,5
3414,Chimambu,Ad-Hoc,30,5
3415,Dictations,Ad-Hoc,85,5
3416,I Want Coooffeee,Ad-Hoc,"1,673",5
3417,Fraud,Ad-Hoc,25,5
3418,La Chaleur,Ad-Hoc,36,5
3419,Kimi Räikkönen,Ad-Hoc,191,5
3420,House of Cards,Ad-Hoc,221,5
3421,Infinite String of Digits,Ad-Hoc,50,5
3422,John and the Score Sheet,Ad-Hoc,792,5
3423,Singular Tastes,Ad-Hoc,22,5
3424,Finding Maximal Non-Trivial Monotones,Ad-Hoc,"1,024",5
3425,Fun with Stones,Ad-Hoc,12,5
3426,Cutting with Lasers,Ad-Hoc,11,5
3427,Displacing Particles,Ad-Hoc,117,5
3428,Eliminating Ballons,Ad-Hoc,499,5
3429,Multidimensional Hangman,Ad-Hoc,100,5
3430,Geometry of Triangles,Ad-Hoc,4,5
3431,Helping the Transit,Ad-Hoc,49,5
3432,Intercepting Information,Ad-Hoc,"1,636",5
3433,Playing 23,Ad-Hoc,267,5
3435,Listing Tedious Paths,Ad-Hoc,14,5
3436,Hopscotch Marathon,Ad-Hoc,7,5
3437,Numbers on both Sides,Ad-Hoc,54,5
3438,Energy × Delay Product,Ad-Hoc,5,5
3439,Critical Route,Ad-Hoc,21,5
3440,Friends or Enemies?,Ad-Hoc,100,5
3442,Asking for Money,Ad-Hoc,15,5
3443,Board Game,Ad-Hoc,20,5
3444,City Folding,Ad-Hoc,54,5
3445,Daily Trips,Ad-Hoc,525,5
3446,Empty Squares,Ad-Hoc,77,5
3447,Favorite Tree,Ad-Hoc,18,5
3448,Gravitational Wave Detector,Ad-Hoc,23,5
3449,Italian Calzone & Pasta Corner,Ad-Hoc,34,5
3450,Joining a Marathon,Ad-Hoc,177,5
3451,Lazy Printing,Ad-Hoc,5,5
3452,Maze in Bolt,Ad-Hoc,18,5
3453,Carlinhos Loves Problems,Ad-Hoc,188,5
3454,Alice in Noughts and Crosses Wonderland,Ad-Hoc,"1,355",5
3455,National Question Bank,Ad-Hoc,453,5
3456,Divisibility by 7,Ad-Hoc,535,5
3457,Guessing Stones in the Jar,Ad-Hoc,83,5
3458,Protein Manufacturing,Ad-Hoc,51,5
3459,GoldMagikarp,Ad-Hoc,21,5
3460,Ultramarathon Hydration,Ad-Hoc,17,5
3461,Interference in Hexagonal Lights,Ad-Hoc,56,5
3462,Moving Hanoi Disks,Ad-Hoc,15,5
3463,Kempner et al. and their Powers,Ad-Hoc,54,5
3464,Network Latency,Ad-Hoc,169,5
3465,Cimba,Ad-Hoc,447,5
3466,Dice of the Multiverse,Ad-Hoc,42,5
3467,This is my place!,Ad-Hoc,329,5
3468,"Do more, but do better!",Ad-Hoc,448,5
3469,In Site,Ad-Hoc,249,5
3470,Game of 8,Ad-Hoc,83,5
3471,Kashmir,Ad-Hoc,55,5
3472,Up there on the piano,Ad-Hoc,75,2
3473,Alert the next one!,Ad-Hoc,840,5
3474,Good division,Ad-Hoc,722,5
3475,Converter,Ad-Hoc,511,5
3476,Unity is strength!,Ad-Hoc,205,5
3477,Damaged Chest,Ad-Hoc,550,5
3478,Geiapan,Ad-Hoc,210,5
3479,Horo and the cups,Ad-Hoc,643,5
3480,Adjacent Chairs,SQL,925,2
3481,Classifying a Tree,SQL,824,2
3482,Followers,SQL,773,2
3483,Second Largest and Smallest,SQL,"1,259",2
3484,Divided Class,Data Structures and Libraries,421,2
3486,Display Register,Ad-Hoc,64,2
3487,Firmware - Substring Manipulation,Ad-Hoc,86,5
3488,Binary/Hexadecimal Number Systems,Ad-Hoc,188,1
3489,C++ Templates and STL Containers,Ad-Hoc,58,5
3490,Find the Password!,Beginner,267,1
3491,Encoded Note,Beginner,197,2
3492,Ranking turismo CE,SQL,72,1
3493,Stacked Cups,Beginner,149,2
3494,Palavras transformadas,Beginner,89,2
3495,Gianzin Berranteiro,Beginner,235,2
3496,Great sale,Paradigms,54,2
3498,Special pairs,Data Structures and Libraries,29,2
3499,"Bella, the saucy puppy",Beginner,162,2
3500,Inversão de Número,Beginner,253,3
3501,Largest Number in Matrix,Ad-Hoc,31,2
3502,Montagem de looks,Mathematics,105,2
3503,Number Game,Graph,7,1
3504,Palindrome phrase,Strings,27,2
3505,Ingredients Control,SQL,14,2
